0,1,2,3,4,5,6,7,8,9,10,11,12,13,14,15,16,17,18,19,20,21,22,23,24,25,26,27,28,29,30,31,32,33,34,35,36,37,38,39,40,41,42,43,44,45,46,47,48,49,50,51,52,53,54,55,56,57,58,59,60
1.0,0.99997,0.9999,0.99978,0.99962,0.99942,0.99917,0.99887,0.99853,0.99815,0.99773,0.99726,0.99675,0.99619,0.99559,0.99495,0.99427,0.99355,0.99279,0.99199,0.99116,0.99029,0.98938,0.98845,0.98747,0.98647,0.98544,0.98438,0.98329,0.98217,0.98103,0.97986,0.97867,0.97745,0.97621,0.97495,0.97367,0.97236,0.97104,0.9697,0.96834,0.96697,0.96558,0.96417,0.96275,0.96131,0.95986,0.9584,0.95692,0.95543,0.95392,0.95241,0.95088,0.94934,0.94779,0.94623,0.94465,0.94307,0.94147,0.93987,0.93825
0.99997,0.9999,0.99978,0.99962,0.99942,0.99917,0.99887,0.99853,0.99815,0.99773,0.99726,0.99675,0.99619,0.99559,0.99495,0.99427,0.99355,0.99279,0.99199,0.99116,0.99029,0.98938,0.98845,0.98747,0.98647,0.98544,0.98438,0.98329,0.98217,0.98103,0.97986,0.97867,0.97745,0.97621,0.97495,0.97367,0.97236,0.97104,0.9697,0.96834,0.96697,0.96558,0.96417,0.96275,0.96131,0.95986,0.9584,0.95692,0.95543,0.95392,0.95241,0.95088,0.94934,0.94779,0.94623,0.94465,0.94307,0.94147,0.93987,0.93825,0.93663
0.9999,0.99978,0.99962,0.99942,0.99917,0.99887,0.99853,0.99815,0.99773,0.99726,0.99675,0.99619,0.99559,0.99495,0.99427,0.99355,0.99279,0.99199,0.99116,0.99029,0.98938,0.98845,0.98747,0.98647,0.98544,0.98438,0.98329,0.98217,0.98103,0.97986,0.97867,0.97745,0.97621,0.97495,0.97367,0.97236,0.97104,0.9697,0.96834,0.96697,0.96558,0.96417,0.96275,0.96131,0.95986,0.9584,0.95692,0.95543,0.95392,0.95241,0.95088,0.94934,0.94779,0.94623,0.94465,0.94307,0.94147,0.93987,0.93825,0.93663,0.93499
0.99978,0.99962,0.99942,0.99917,0.99887,0.99853,0.99815,0.99773,0.99726,0.99675,0.99619,0.99559,0.99495,0.99427,0.99355,0.99279,0.99199,0.99116,0.99029,0.98938,0.98845,0.98747,0.98647,0.98544,0.98438,0.98329,0.98217,0.98103,0.97986,0.97867,0.97745,0.97621,0.97495,0.97367,0.97236,0.97104,0.9697,0.96834,0.96697,0.96558,0.96417,0.96275,0.96131,0.95986,0.9584,0.95692,0.95543,0.95392,0.95241,0.95088,0.94934,0.94779,0.94623,0.94465,0.94307,0.94147,0.93987,0.93825,0.93663,0.93499,0.93334
0.99962,0.99942,0.99917,0.99887,0.99853,0.99815,0.99773,0.99726,0.99675,0.99619,0.99559,0.99495,0.99427,0.99355,0.99279,0.99199,0.99116,0.99029,0.98938,0.98845,0.98747,0.98647,0.98544,0.98438,0.98329,0.98217,0.98103,0.97986,0.97867,0.97745,0.97621,0.97495,0.97367,0.97236,0.97104,0.9697,0.96834,0.96697,0.96558,0.96417,0.96275,0.96131,0.95986,0.9584,0.95692,0.95543,0.95392,0.95241,0.95088,0.94934,0.94779,0.94623,0.94465,0.94307,0.94147,0.93987,0.93825,0.93663,0.93499,0.93334,0.93169
0.99942,0.99917,0.99887,0.99853,0.99815,0.99773,0.99726,0.99675,0.99619,0.99559,0.99495,0.99427,0.99355,0.99279,0.99199,0.99116,0.99029,0.98938,0.98845,0.98747,0.98647,0.98544,0.98438,0.98329,0.98217,0.98103,0.97986,0.97867,0.97745,0.97621,0.97495,0.97367,0.97236,0.97104,0.9697,0.96834,0.96697,0.96558,0.96417,0.96275,0.96131,0.95986,0.9584,0.95692,0.95543,0.95392,0.95241,0.95088,0.94934,0.94779,0.94623,0.94465,0.94307,0.94147,0.93987,0.93825,0.93663,0.93499,0.93334,0.93169,0.93002
0.99917,0.99887,0.99853,0.99815,0.99773,0.99726,0.99675,0.99619,0.99559,0.99495,0.99427,0.99355,0.99279,0.99199,0.99116,0.99029,0.98938,0.98845,0.98747,0.98647,0.98544,0.98438,0.98329,0.98217,0.98103,0.97986,0.97867,0.97745,0.97621,0.97495,0.97367,0.97236,0.97104,0.9697,0.96834,0.96697,0.96558,0.96417,0.96275,0.96131,0.95986,0.9584,0.95692,0.95543,0.95392,0.95241,0.95088,0.94934,0.94779,0.94623,0.94465,0.94307,0.94147,0.93987,0.93825,0.93663,0.93499,0.93334,0.93169,0.93002,0.92834
0.99887,0.99853,0.99815,0.99773,0.99726,0.99675,0.99619,0.99559,0.99495,0.99427,0.99355,0.99279,0.99199,0.99116,0.99029,0.98938,0.98845,0.98747,0.98647,0.98544,0.98438,0.98329,0.98217,0.98103,0.97986,0.97867,0.97745,0.97621,0.97495,0.97367,0.97236,0.97104,0.9697,0.96834,0.96697,0.96558,0.96417,0.96275,0.96131,0.95986,0.9584,0.95692,0.95543,0.95392,0.95241,0.95088,0.94934,0.94779,0.94623,0.94465,0.94307,0.94147,0.93987,0.93825,0.93663,0.93499,0.93334,0.93169,0.93002,0.92834,0.92666
0.99853,0.99815,0.99773,0.99726,0.99675,0.99619,0.99559,0.99495,0.99427,0.99355,0.99279,0.99199,0.99116,0.99029,0.98938,0.98845,0.98747,0.98647,0.98544,0.98438,0.98329,0.98217,0.98103,0.97986,0.97867,0.97745,0.97621,0.97495,0.97367,0.97236,0.97104,0.9697,0.96834,0.96697,0.96558,0.96417,0.96275,0.96131,0.95986,0.9584,0.95692,0.95543,0.95392,0.95241,0.95088,0.94934,0.94779,0.94623,0.94465,0.94307,0.94147,0.93987,0.93825,0.93663,0.93499,0.93334,0.93169,0.93002,0.92834,0.92666,0.92496
0.99815,0.99773,0.99726,0.99675,0.99619,0.99559,0.99495,0.99427,0.99355,0.99279,0.99199,0.99116,0.99029,0.98938,0.98845,0.98747,0.98647,0.98544,0.98438,0.98329,0.98217,0.98103,0.97986,0.97867,0.97745,0.97621,0.97495,0.97367,0.97236,0.97104,0.9697,0.96834,0.96697,0.96558,0.96417,0.96275,0.96131,0.95986,0.9584,0.95692,0.95543,0.95392,0.95241,0.95088,0.94934,0.94779,0.94623,0.94465,0.94307,0.94147,0.93987,0.93825,0.93663,0.93499,0.93334,0.93169,0.93002,0.92834,0.92666,0.92496,0.92326
0.99773,0.99726,0.99675,0.99619,0.99559,0.99495,0.99427,0.99355,0.99279,0.99199,0.99116,0.99029,0.98938,0.98845,0.98747,0.98647,0.98544,0.98438,0.98329,0.98217,0.98103,0.97986,0.97867,0.97745,0.97621,0.97495,0.97367,0.97236,0.97104,0.9697,0.96834,0.96697,0.96558,0.96417,0.96275,0.96131,0.95986,0.9584,0.95692,0.95543,0.95392,0.95241,0.95088,0.94934,0.94779,0.94623,0.94465,0.94307,0.94147,0.93987,0.93825,0.93663,0.93499,0.93334,0.93169,0.93002,0.92834,0.92666,0.92496,0.92326,0.92154
0.99726,0.99675,0.99619,0.99559,0.99495,0.99427,0.99355,0.99279,0.99199,0.99116,0.99029,0.98938,0.98845,0.98747,0.98647,0.98544,0.98438,0.98329,0.98217,0.98103,0.97986,0.97867,0.97745,0.97621,0.97495,0.97367,0.97236,0.97104,0.9697,0.96834,0.96697,0.96558,0.96417,0.96275,0.96131,0.95986,0.9584,0.95692,0.95543,0.95392,0.95241,0.95088,0.94934,0.94779,0.94623,0.94465,0.94307,0.94147,0.93987,0.93825,0.93663,0.93499,0.93334,0.93169,0.93002,0.92834,0.92666,0.92496,0.92326,0.92154,0.91982
0.99675,0.99619,0.99559,0.99495,0.99427,0.99355,0.99279,0.99199,0.99116,0.99029,0.98938,0.98845,0.98747,0.98647,0.98544,0.98438,0.98329,0.98217,0.98103,0.97986,0.97867,0.97745,0.97621,0.97495,0.97367,0.97236,0.97104,0.9697,0.96834,0.96697,0.96558,0.96417,0.96275,0.96131,0.95986,0.9584,0.95692,0.95543,0.95392,0.95241,0.95088,0.94934,0.94779,0.94623,0.94465,0.94307,0.94147,0.93987,0.93825,0.93663,0.93499,0.93334,0.93169,0.93002,0.92834,0.92666,0.92496,0.92326,0.92154,0.91982,0.91809
0.99619,0.99559,0.99495,0.99427,0.99355,0.99279,0.99199,0.99116,0.99029,0.98938,0.98845,0.98747,0.98647,0.98544,0.98438,0.98329,0.98217,0.98103,0.97986,0.97867,0.97745,0.97621,0.97495,0.97367,0.97236,0.97104,0.9697,0.96834,0.96697,0.96558,0.96417,0.96275,0.96131,0.95986,0.9584,0.95692,0.95543,0.95392,0.95241,0.95088,0.94934,0.94779,0.94623,0.94465,0.94307,0.94147,0.93987,0.93825,0.93663,0.93499,0.93334,0.93169,0.93002,0.92834,0.92666,0.92496,0.92326,0.92154,0.91982,0.91809,0.91635
0.99559,0.99495,0.99427,0.99355,0.99279,0.99199,0.99116,0.99029,0.98938,0.98845,0.98747,0.98647,0.98544,0.98438,0.98329,0.98217,0.98103,0.97986,0.97867,0.97745,0.97621,0.97495,0.97367,0.97236,0.97104,0.9697,0.96834,0.96697,0.96558,0.96417,0.96275,0.96131,0.95986,0.9584,0.95692,0.95543,0.95392,0.95241,0.95088,0.94934,0.94779,0.94623,0.94465,0.94307,0.94147,0.93987,0.93825,0.93663,0.93499,0.93334,0.93169,0.93002,0.92834,0.92666,0.92496,0.92326,0.92154,0.91982,0.91809,0.91635,0.91461
0.99495,0.99427,0.99355,0.99279,0.99199,0.99116,0.99029,0.98938,0.98845,0.98747,0.98647,0.98544,0.98438,0.98329,0.98217,0.98103,0.97986,0.97867,0.97745,0.97621,0.97495,0.97367,0.97236,0.97104,0.9697,0.96834,0.96697,0.96558,0.96417,0.96275,0.96131,0.95986,0.9584,0.95692,0.95543,0.95392,0.95241,0.95088,0.94934,0.94779,0.94623,0.94465,0.94307,0.94147,0.93987,0.93825,0.93663,0.93499,0.93334,0.93169,0.93002,0.92834,0.92666,0.92496,0.92326,0.92154,0.91982,0.91809,0.91635,0.91461,0.91285
0.99427,0.99355,0.99279,0.99199,0.99116,0.99029,0.98938,0.98845,0.98747,0.98647,0.98544,0.98438,0.98329,0.98217,0.98103,0.97986,0.97867,0.97745,0.97621,0.97495,0.97367,0.97236,0.97104,0.9697,0.96834,0.96697,0.96558,0.96417,0.96275,0.96131,0.95986,0.9584,0.95692,0.95543,0.95392,0.95241,0.95088,0.94934,0.94779,0.94623,0.94465,0.94307,0.94147,0.93987,0.93825,0.93663,0.93499,0.93334,0.93169,0.93002,0.92834,0.92666,0.92496,0.92326,0.92154,0.91982,0.91809,0.91635,0.91461,0.91285,0.91109
0.99355,0.99279,0.99199,0.99116,0.99029,0.98938,0.98845,0.98747,0.98647,0.98544,0.98438,0.98329,0.98217,0.98103,0.97986,0.97867,0.97745,0.97621,0.97495,0.97367,0.97236,0.97104,0.9697,0.96834,0.96697,0.96558,0.96417,0.96275,0.96131,0.95986,0.9584,0.95692,0.95543,0.95392,0.95241,0.95088,0.94934,0.94779,0.94623,0.94465,0.94307,0.94147,0.93987,0.93825,0.93663,0.93499,0.93334,0.93169,0.93002,0.92834,0.92666,0.92496,0.92326,0.92154,0.91982,0.91809,0.91635,0.91461,0.91285,0.91109,0.90932
0.99279,0.99199,0.99116,0.99029,0.98938,0.98845,0.98747,0.98647,0.98544,0.98438,0.98329,0.98217,0.98103,0.97986,0.97867,0.97745,0.97621,0.97495,0.97367,0.97236,0.97104,0.9697,0.96834,0.96697,0.96558,0.96417,0.96275,0.96131,0.95986,0.9584,0.95692,0.95543,0.95392,0.95241,0.95088,0.94934,0.94779,0.94623,0.94465,0.94307,0.94147,0.93987,0.93825,0.93663,0.93499,0.93334,0.93169,0.93002,0.92834,0.92666,0.92496,0.92326,0.92154,0.91982,0.91809,0.91635,0.91461,0.91285,0.91109,0.90932,0.90754
0.99199,0.99116,0.99029,0.98938,0.98845,0.98747,0.98647,0.98544,0.98438,0.98329,0.98217,0.98103,0.97986,0.97867,0.97745,0.97621,0.97495,0.97367,0.97236,0.97104,0.9697,0.96834,0.96697,0.96558,0.96417,0.96275,0.96131,0.95986,0.9584,0.95692,0.95543,0.95392,0.95241,0.95088,0.94934,0.94779,0.94623,0.94465,0.94307,0.94147,0.93987,0.93825,0.93663,0.93499,0.93334,0.93169,0.93002,0.92834,0.92666,0.92496,0.92326,0.92154,0.91982,0.91809,0.91635,0.91461,0.91285,0.91109,0.90932,0.90754,0.90576
0.99116,0.99029,0.98938,0.98845,0.98747,0.98647,0.98544,0.98438,0.98329,0.98217,0.98103,0.97986,0.97867,0.97745,0.97621,0.97495,0.97367,0.97236,0.97104,0.9697,0.96834,0.96697,0.96558,0.96417,0.96275,0.96131,0.95986,0.9584,0.95692,0.95543,0.95392,0.95241,0.95088,0.94934,0.94779,0.94623,0.94465,0.94307,0.94147,0.93987,0.93825,0.93663,0.93499,0.93334,0.93169,0.93002,0.92834,0.92666,0.92496,0.92326,0.92154,0.91982,0.91809,0.91635,0.91461,0.91285,0.91109,0.90932,0.90754,0.90576,0.90396
0.99029,0.98938,0.98845,0.98747,0.98647,0.98544,0.98438,0.98329,0.98217,0.98103,0.97986,0.97867,0.97745,0.97621,0.97495,0.97367,0.97236,0.97104,0.9697,0.96834,0.96697,0.96558,0.96417,0.96275,0.96131,0.95986,0.9584,0.95692,0.95543,0.95392,0.95241,0.95088,0.94934,0.94779,0.94623,0.94465,0.94307,0.94147,0.93987,0.93825,0.93663,0.93499,0.93334,0.93169,0.93002,0.92834,0.92666,0.92496,0.92326,0.92154,0.91982,0.91809,0.91635,0.91461,0.91285,0.91109,0.90932,0.90754,0.90576,0.90396,0.90217
0.98938,0.98845,0.98747,0.98647,0.98544,0.98438,0.98329,0.98217,0.98103,0.97986,0.97867,0.97745,0.97621,0.97495,0.97367,0.97236,0.97104,0.9697,0.96834,0.96697,0.96558,0.96417,0.96275,0.96131,0.95986,0.9584,0.95692,0.95543,0.95392,0.95241,0.95088,0.94934,0.94779,0.94623,0.94465,0.94307,0.94147,0.93987,0.93825,0.93663,0.93499,0.93334,0.93169,0.93002,0.92834,0.92666,0.92496,0.92326,0.92154,0.91982,0.91809,0.91635,0.91461,0.91285,0.91109,0.90932,0.90754,0.90576,0.90396,0.90217,0.90036
0.98845,0.98747,0.98647,0.98544,0.98438,0.98329,0.98217,0.98103,0.97986,0.97867,0.97745,0.97621,0.97495,0.97367,0.97236,0.97104,0.9697,0.96834,0.96697,0.96558,0.96417,0.96275,0.96131,0.95986,0.9584,0.95692,0.95543,0.95392,0.95241,0.95088,0.94934,0.94779,0.94623,0.94465,0.94307,0.94147,0.93987,0.93825,0.93663,0.93499,0.93334,0.93169,0.93002,0.92834,0.92666,0.92496,0.92326,0.92154,0.91982,0.91809,0.91635,0.91461,0.91285,0.91109,0.90932,0.90754,0.90576,0.90396,0.90217,0.90036,0.89855
0.98747,0.98647,0.98544,0.98438,0.98329,0.98217,0.98103,0.97986,0.97867,0.97745,0.97621,0.97495,0.97367,0.97236,0.97104,0.9697,0.96834,0.96697,0.96558,0.96417,0.96275,0.96131,0.95986,0.9584,0.95692,0.95543,0.95392,0.95241,0.95088,0.94934,0.94779,0.94623,0.94465,0.94307,0.94147,0.93987,0.93825,0.93663,0.93499,0.93334,0.93169,0.93002,0.92834,0.92666,0.92496,0.92326,0.92154,0.91982,0.91809,0.91635,0.91461,0.91285,0.91109,0.90932,0.90754,0.90576,0.90396,0.90217,0.90036,0.89855,0.89674
0.98647,0.98544,0.98438,0.98329,0.98217,0.98103,0.97986,0.97867,0.97745,0.97621,0.97495,0.97367,0.97236,0.97104,0.9697,0.96834,0.96697,0.96558,0.96417,0.96275,0.96131,0.95986,0.9584,0.95692,0.95543,0.95392,0.95241,0.95088,0.94934,0.94779,0.94623,0.94465,0.94307,0.94147,0.93987,0.93825,0.93663,0.93499,0.93334,0.93169,0.93002,0.92834,0.92666,0.92496,0.92326,0.92154,0.91982,0.91809,0.91635,0.91461,0.91285,0.91109,0.90932,0.90754,0.90576,0.90396,0.90217,0.90036,0.89855,0.89674,0.89492
0.98544,0.98438,0.98329,0.98217,0.98103,0.97986,0.97867,0.97745,0.97621,0.97495,0.97367,0.97236,0.97104,0.9697,0.96834,0.96697,0.96558,0.96417,0.96275,0.96131,0.95986,0.9584,0.95692,0.95543,0.95392,0.95241,0.95088,0.94934,0.94779,0.94623,0.94465,0.94307,0.94147,0.93987,0.93825,0.93663,0.93499,0.93334,0.93169,0.93002,0.92834,0.92666,0.92496,0.92326,0.92154,0.91982,0.91809,0.91635,0.91461,0.91285,0.91109,0.90932,0.90754,0.90576,0.90396,0.90217,0.90036,0.89855,0.89674,0.89492,0.89309
0.98438,0.98329,0.98217,0.98103,0.97986,0.97867,0.97745,0.97621,0.97495,0.97367,0.97236,0.97104,0.9697,0.96834,0.96697,0.96558,0.96417,0.96275,0.96131,0.95986,0.9584,0.95692,0.95543,0.95392,0.95241,0.95088,0.94934,0.94779,0.94623,0.94465,0.94307,0.94147,0.93987,0.93825,0.93663,0.93499,0.93334,0.93169,0.93002,0.92834,0.92666,0.92496,0.92326,0.92154,0.91982,0.91809,0.91635,0.91461,0.91285,0.91109,0.90932,0.90754,0.90576,0.90396,0.90217,0.90036,0.89855,0.89674,0.89492,0.89309,0.89127
0.98329,0.98217,0.98103,0.97986,0.97867,0.97745,0.97621,0.97495,0.97367,0.97236,0.97104,0.9697,0.96834,0.96697,0.96558,0.96417,0.96275,0.96131,0.95986,0.9584,0.95692,0.95543,0.95392,0.95241,0.95088,0.94934,0.94779,0.94623,0.94465,0.94307,0.94147,0.93987,0.93825,0.93663,0.93499,0.93334,0.93169,0.93002,0.92834,0.92666,0.92496,0.92326,0.92154,0.91982,0.91809,0.91635,0.91461,0.91285,0.91109,0.90932,0.90754,0.90576,0.90396,0.90217,0.90036,0.89855,0.89674,0.89492,0.89309,0.89127,0.88943
0.98217,0.98103,0.97986,0.97867,0.97745,0.97621,0.97495,0.97367,0.97236,0.97104,0.9697,0.96834,0.96697,0.96558,0.96417,0.96275,0.96131,0.95986,0.9584,0.95692,0.95543,0.95392,0.95241,0.95088,0.94934,0.94779,0.94623,0.94465,0.94307,0.94147,0.93987,0.93825,0.93663,0.93499,0.93334,0.93169,0.93002,0.92834,0.92666,0.92496,0.92326,0.92154,0.91982,0.91809,0.91635,0.91461,0.91285,0.91109,0.90932,0.90754,0.90576,0.90396,0.90217,0.90036,0.89855,0.89674,0.89492,0.89309,0.89127,0.88943,0.88759
0.98103,0.97986,0.97867,0.97745,0.97621,0.97495,0.97367,0.97236,0.97104,0.9697,0.96834,0.96697,0.96558,0.96417,0.96275,0.96131,0.95986,0.9584,0.95692,0.95543,0.95392,0.95241,0.95088,0.94934,0.94779,0.94623,0.94465,0.94307,0.94147,0.93987,0.93825,0.93663,0.93499,0.93334,0.93169,0.93002,0.92834,0.92666,0.92496,0.92326,0.92154,0.91982,0.91809,0.91635,0.91461,0.91285,0.91109,0.90932,0.90754,0.90576,0.90396,0.90217,0.90036,0.89855,0.89674,0.89492,0.89309,0.89127,0.88943,0.88759,0.88575
0.97986,0.97867,0.97745,0.97621,0.97495,0.97367,0.97236,0.97104,0.9697,0.96834,0.96697,0.96558,0.96417,0.96275,0.96131,0.95986,0.9584,0.95692,0.95543,0.95392,0.95241,0.95088,0.94934,0.94779,0.94623,0.94465,0.94307,0.94147,0.93987,0.93825,0.93663,0.93499,0.93334,0.93169,0.93002,0.92834,0.92666,0.92496,0.92326,0.92154,0.91982,0.91809,0.91635,0.91461,0.91285,0.91109,0.90932,0.90754,0.90576,0.90396,0.90217,0.90036,0.89855,0.89674,0.89492,0.89309,0.89127,0.88943,0.88759,0.88575,0.88391
0.97867,0.97745,0.97621,0.97495,0.97367,0.97236,0.97104,0.9697,0.96834,0.96697,0.96558,0.96417,0.96275,0.96131,0.95986,0.9584,0.95692,0.95543,0.95392,0.95241,0.95088,0.94934,0.94779,0.94623,0.94465,0.94307,0.94147,0.93987,0.93825,0.93663,0.93499,0.93334,0.93169,0.93002,0.92834,0.92666,0.92496,0.92326,0.92154,0.91982,0.91809,0.91635,0.91461,0.91285,0.91109,0.90932,0.90754,0.90576,0.90396,0.90217,0.90036,0.89855,0.89674,0.89492,0.89309,0.89127,0.88943,0.88759,0.88575,0.88391,0.88206
0.97745,0.97621,0.97495,0.97367,0.97236,0.97104,0.9697,0.96834,0.96697,0.96558,0.96417,0.96275,0.96131,0.95986,0.9584,0.95692,0.95543,0.95392,0.95241,0.95088,0.94934,0.94779,0.94623,0.94465,0.94307,0.94147,0.93987,0.93825,0.93663,0.93499,0.93334,0.93169,0.93002,0.92834,0.92666,0.92496,0.92326,0.92154,0.91982,0.91809,0.91635,0.91461,0.91285,0.91109,0.90932,0.90754,0.90576,0.90396,0.90217,0.90036,0.89855,0.89674,0.89492,0.89309,0.89127,0.88943,0.88759,0.88575,0.88391,0.88206,0.88021
0.97621,0.97495,0.97367,0.97236,0.97104,0.9697,0.96834,0.96697,0.96558,0.96417,0.96275,0.96131,0.95986,0.9584,0.95692,0.95543,0.95392,0.95241,0.95088,0.94934,0.94779,0.94623,0.94465,0.94307,0.94147,0.93987,0.93825,0.93663,0.93499,0.93334,0.93169,0.93002,0.92834,0.92666,0.92496,0.92326,0.92154,0.91982,0.91809,0.91635,0.91461,0.91285,0.91109,0.90932,0.90754,0.90576,0.90396,0.90217,0.90036,0.89855,0.89674,0.89492,0.89309,0.89127,0.88943,0.88759,0.88575,0.88391,0.88206,0.88021,0.87835
0.97495,0.97367,0.97236,0.97104,0.9697,0.96834,0.96697,0.96558,0.96417,0.96275,0.96131,0.95986,0.9584,0.95692,0.95543,0.95392,0.95241,0.95088,0.94934,0.94779,0.94623,0.94465,0.94307,0.94147,0.93987,0.93825,0.93663,0.93499,0.93334,0.93169,0.93002,0.92834,0.92666,0.92496,0.92326,0.92154,0.91982,0.91809,0.91635,0.91461,0.91285,0.91109,0.90932,0.90754,0.90576,0.90396,0.90217,0.90036,0.89855,0.89674,0.89492,0.89309,0.89127,0.88943,0.88759,0.88575,0.88391,0.88206,0.88021,0.87835,0.8765
0.97367,0.97236,0.97104,0.9697,0.96834,0.96697,0.96558,0.96417,0.96275,0.96131,0.95986,0.9584,0.95692,0.95543,0.95392,0.95241,0.95088,0.94934,0.94779,0.94623,0.94465,0.94307,0.94147,0.93987,0.93825,0.93663,0.93499,0.93334,0.93169,0.93002,0.92834,0.92666,0.92496,0.92326,0.92154,0.91982,0.91809,0.91635,0.91461,0.91285,0.91109,0.90932,0.90754,0.90576,0.90396,0.90217,0.90036,0.89855,0.89674,0.89492,0.89309,0.89127,0.88943,0.88759,0.88575,0.88391,0.88206,0.88021,0.87835,0.8765,0.87464
0.97236,0.97104,0.9697,0.96834,0.96697,0.96558,0.96417,0.96275,0.96131,0.95986,0.9584,0.95692,0.95543,0.95392,0.95241,0.95088,0.94934,0.94779,0.94623,0.94465,0.94307,0.94147,0.93987,0.93825,0.93663,0.93499,0.93334,0.93169,0.93002,0.92834,0.92666,0.92496,0.92326,0.92154,0.91982,0.91809,0.91635,0.91461,0.91285,0.91109,0.90932,0.90754,0.90576,0.90396,0.90217,0.90036,0.89855,0.89674,0.89492,0.89309,0.89127,0.88943,0.88759,0.88575,0.88391,0.88206,0.88021,0.87835,0.8765,0.87464,0.87277
0.97104,0.9697,0.96834,0.96697,0.96558,0.96417,0.96275,0.96131,0.95986,0.9584,0.95692,0.95543,0.95392,0.95241,0.95088,0.94934,0.94779,0.94623,0.94465,0.94307,0.94147,0.93987,0.93825,0.93663,0.93499,0.93334,0.93169,0.93002,0.92834,0.92666,0.92496,0.92326,0.92154,0.91982,0.91809,0.91635,0.91461,0.91285,0.91109,0.90932,0.90754,0.90576,0.90396,0.90217,0.90036,0.89855,0.89674,0.89492,0.89309,0.89127,0.88943,0.88759,0.88575,0.88391,0.88206,0.88021,0.87835,0.8765,0.87464,0.87277,0.87091
0.9697,0.96834,0.96697,0.96558,0.96417,0.96275,0.96131,0.95986,0.9584,0.95692,0.95543,0.95392,0.95241,0.95088,0.94934,0.94779,0.94623,0.94465,0.94307,0.94147,0.93987,0.93825,0.93663,0.93499,0.93334,0.93169,0.93002,0.92834,0.92666,0.92496,0.92326,0.92154,0.91982,0.91809,0.91635,0.91461,0.91285,0.91109,0.90932,0.90754,0.90576,0.90396,0.90217,0.90036,0.89855,0.89674,0.89492,0.89309,0.89127,0.88943,0.88759,0.88575,0.88391,0.88206,0.88021,0.87835,0.8765,0.87464,0.87277,0.87091,0.86904
0.96834,0.96697,0.96558,0.96417,0.96275,0.96131,0.95986,0.9584,0.95692,0.95543,0.95392,0.95241,0.95088,0.94934,0.94779,0.94623,0.94465,0.94307,0.94147,0.93987,0.93825,0.93663,0.93499,0.93334,0.93169,0.93002,0.92834,0.92666,0.92496,0.92326,0.92154,0.91982,0.91809,0.91635,0.91461,0.91285,0.91109,0.90932,0.90754,0.90576,0.90396,0.90217,0.90036,0.89855,0.89674,0.89492,0.89309,0.89127,0.88943,0.88759,0.88575,0.88391,0.88206,0.88021,0.87835,0.8765,0.87464,0.87277,0.87091,0.86904,0.86718
0.96697,0.96558,0.96417,0.96275,0.96131,0.95986,0.9584,0.95692,0.95543,0.95392,0.95241,0.95088,0.94934,0.94779,0.94623,0.94465,0.94307,0.94147,0.93987,0.93825,0.93663,0.93499,0.93334,0.93169,0.93002,0.92834,0.92666,0.92496,0.92326,0.92154,0.91982,0.91809,0.91635,0.91461,0.91285,0.91109,0.90932,0.90754,0.90576,0.90396,0.90217,0.90036,0.89855,0.89674,0.89492,0.89309,0.89127,0.88943,0.88759,0.88575,0.88391,0.88206,0.88021,0.87835,0.8765,0.87464,0.87277,0.87091,0.86904,0.86718,0.86531
0.96558,0.96417,0.96275,0.96131,0.95986,0.9584,0.95692,0.95543,0.95392,0.95241,0.95088,0.94934,0.94779,0.94623,0.94465,0.94307,0.94147,0.93987,0.93825,0.93663,0.93499,0.93334,0.93169,0.93002,0.92834,0.92666,0.92496,0.92326,0.92154,0.91982,0.91809,0.91635,0.91461,0.91285,0.91109,0.90932,0.90754,0.90576,0.90396,0.90217,0.90036,0.89855,0.89674,0.89492,0.89309,0.89127,0.88943,0.88759,0.88575,0.88391,0.88206,0.88021,0.87835,0.8765,0.87464,0.87277,0.87091,0.86904,0.86718,0.86531,0.86343
0.96417,0.96275,0.96131,0.95986,0.9584,0.95692,0.95543,0.95392,0.95241,0.95088,0.94934,0.94779,0.94623,0.94465,0.94307,0.94147,0.93987,0.93825,0.93663,0.93499,0.93334,0.93169,0.93002,0.92834,0.92666,0.92496,0.92326,0.92154,0.91982,0.91809,0.91635,0.91461,0.91285,0.91109,0.90932,0.90754,0.90576,0.90396,0.90217,0.90036,0.89855,0.89674,0.89492,0.89309,0.89127,0.88943,0.88759,0.88575,0.88391,0.88206,0.88021,0.87835,0.8765,0.87464,0.87277,0.87091,0.86904,0.86718,0.86531,0.86343,0.86156
0.96275,0.96131,0.95986,0.9584,0.95692,0.95543,0.95392,0.95241,0.95088,0.94934,0.94779,0.94623,0.94465,0.94307,0.94147,0.93987,0.93825,0.93663,0.93499,0.93334,0.93169,0.93002,0.92834,0.92666,0.92496,0.92326,0.92154,0.91982,0.91809,0.91635,0.91461,0.91285,0.91109,0.90932,0.90754,0.90576,0.90396,0.90217,0.90036,0.89855,0.89674,0.89492,0.89309,0.89127,0.88943,0.88759,0.88575,0.88391,0.88206,0.88021,0.87835,0.8765,0.87464,0.87277,0.87091,0.86904,0.86718,0.86531,0.86343,0.86156,0.85968
0.96131,0.95986,0.9584,0.95692,0.95543,0.95392,0.95241,0.95088,0.94934,0.94779,0.94623,0.94465,0.94307,0.94147,0.93987,0.93825,0.93663,0.93499,0.93334,0.93169,0.93002,0.92834,0.92666,0.92496,0.92326,0.92154,0.91982,0.91809,0.91635,0.91461,0.91285,0.91109,0.90932,0.90754,0.90576,0.90396,0.90217,0.90036,0.89855,0.89674,0.89492,0.89309,0.89127,0.88943,0.88759,0.88575,0.88391,0.88206,0.88021,0.87835,0.8765,0.87464,0.87277,0.87091,0.86904,0.86718,0.86531,0.86343,0.86156,0.85968,0.85781
0.95986,0.9584,0.95692,0.95543,0.95392,0.95241,0.95088,0.94934,0.94779,0.94623,0.94465,0.94307,0.94147,0.93987,0.93825,0.93663,0.93499,0.93334,0.93169,0.93002,0.92834,0.92666,0.92496,0.92326,0.92154,0.91982,0.91809,0.91635,0.91461,0.91285,0.91109,0.90932,0.90754,0.90576,0.90396,0.90217,0.90036,0.89855,0.89674,0.89492,0.89309,0.89127,0.88943,0.88759,0.88575,0.88391,0.88206,0.88021,0.87835,0.8765,0.87464,0.87277,0.87091,0.86904,0.86718,0.86531,0.86343,0.86156,0.85968,0.85781,0.85593
0.9584,0.95692,0.95543,0.95392,0.95241,0.95088,0.94934,0.94779,0.94623,0.94465,0.94307,0.94147,0.93987,0.93825,0.93663,0.93499,0.93334,0.93169,0.93002,0.92834,0.92666,0.92496,0.92326,0.92154,0.91982,0.91809,0.91635,0.91461,0.91285,0.91109,0.90932,0.90754,0.90576,0.90396,0.90217,0.90036,0.89855,0.89674,0.89492,0.89309,0.89127,0.88943,0.88759,0.88575,0.88391,0.88206,0.88021,0.87835,0.8765,0.87464,0.87277,0.87091,0.86904,0.86718,0.86531,0.86343,0.86156,0.85968,0.85781,0.85593,0.85405
0.95692,0.95543,0.95392,0.95241,0.95088,0.94934,0.94779,0.94623,0.94465,0.94307,0.94147,0.93987,0.93825,0.93663,0.93499,0.93334,0.93169,0.93002,0.92834,0.92666,0.92496,0.92326,0.92154,0.91982,0.91809,0.91635,0.91461,0.91285,0.91109,0.90932,0.90754,0.90576,0.90396,0.90217,0.90036,0.89855,0.89674,0.89492,0.89309,0.89127,0.88943,0.88759,0.88575,0.88391,0.88206,0.88021,0.87835,0.8765,0.87464,0.87277,0.87091,0.86904,0.86718,0.86531,0.86343,0.86156,0.85968,0.85781,0.85593,0.85405,0.85217
0.95543,0.95392,0.95241,0.95088,0.94934,0.94779,0.94623,0.94465,0.94307,0.94147,0.93987,0.93825,0.93663,0.93499,0.93334,0.93169,0.93002,0.92834,0.92666,0.92496,0.92326,0.92154,0.91982,0.91809,0.91635,0.91461,0.91285,0.91109,0.90932,0.90754,0.90576,0.90396,0.90217,0.90036,0.89855,0.89674,0.89492,0.89309,0.89127,0.88943,0.88759,0.88575,0.88391,0.88206,0.88021,0.87835,0.8765,0.87464,0.87277,0.87091,0.86904,0.86718,0.86531,0.86343,0.86156,0.85968,0.85781,0.85593,0.85405,0.85217,0.85028
0.95392,0.95241,0.95088,0.94934,0.94779,0.94623,0.94465,0.94307,0.94147,0.93987,0.93825,0.93663,0.93499,0.93334,0.93169,0.93002,0.92834,0.92666,0.92496,0.92326,0.92154,0.91982,0.91809,0.91635,0.91461,0.91285,0.91109,0.90932,0.90754,0.90576,0.90396,0.90217,0.90036,0.89855,0.89674,0.89492,0.89309,0.89127,0.88943,0.88759,0.88575,0.88391,0.88206,0.88021,0.87835,0.8765,0.87464,0.87277,0.87091,0.86904,0.86718,0.86531,0.86343,0.86156,0.85968,0.85781,0.85593,0.85405,0.85217,0.85028,0.84839
0.95241,0.95088,0.94934,0.94779,0.94623,0.94465,0.94307,0.94147,0.93987,0.93825,0.93663,0.93499,0.93334,0.93169,0.93002,0.92834,0.92666,0.92496,0.92326,0.92154,0.91982,0.91809,0.91635,0.91461,0.91285,0.91109,0.90932,0.90754,0.90576,0.90396,0.90217,0.90036,0.89855,0.89674,0.89492,0.89309,0.89127,0.88943,0.88759,0.88575,0.88391,0.88206,0.88021,0.87835,0.8765,0.87464,0.87277,0.87091,0.86904,0.86718,0.86531,0.86343,0.86156,0.85968,0.85781,0.85593,0.85405,0.85217,0.85028,0.84839,0.84651
0.95088,0.94934,0.94779,0.94623,0.94465,0.94307,0.94147,0.93987,0.93825,0.93663,0.93499,0.93334,0.93169,0.93002,0.92834,0.92666,0.92496,0.92326,0.92154,0.91982,0.91809,0.91635,0.91461,0.91285,0.91109,0.90932,0.90754,0.90576,0.90396,0.90217,0.90036,0.89855,0.89674,0.89492,0.89309,0.89127,0.88943,0.88759,0.88575,0.88391,0.88206,0.88021,0.87835,0.8765,0.87464,0.87277,0.87091,0.86904,0.86718,0.86531,0.86343,0.86156,0.85968,0.85781,0.85593,0.85405,0.85217,0.85028,0.84839,0.84651,0.84462
0.94934,0.94779,0.94623,0.94465,0.94307,0.94147,0.93987,0.93825,0.93663,0.93499,0.93334,0.93169,0.93002,0.92834,0.92666,0.92496,0.92326,0.92154,0.91982,0.91809,0.91635,0.91461,0.91285,0.91109,0.90932,0.90754,0.90576,0.90396,0.90217,0.90036,0.89855,0.89674,0.89492,0.89309,0.89127,0.88943,0.88759,0.88575,0.88391,0.88206,0.88021,0.87835,0.8765,0.87464,0.87277,0.87091,0.86904,0.86718,0.86531,0.86343,0.86156,0.85968,0.85781,0.85593,0.85405,0.85217,0.85028,0.84839,0.84651,0.84462,0.84273
0.94779,0.94623,0.94465,0.94307,0.94147,0.93987,0.93825,0.93663,0.93499,0.93334,0.93169,0.93002,0.92834,0.92666,0.92496,0.92326,0.92154,0.91982,0.91809,0.91635,0.91461,0.91285,0.91109,0.90932,0.90754,0.90576,0.90396,0.90217,0.90036,0.89855,0.89674,0.89492,0.89309,0.89127,0.88943,0.88759,0.88575,0.88391,0.88206,0.88021,0.87835,0.8765,0.87464,0.87277,0.87091,0.86904,0.86718,0.86531,0.86343,0.86156,0.85968,0.85781,0.85593,0.85405,0.85217,0.85028,0.84839,0.84651,0.84462,0.84273,0.84083
0.94623,0.94465,0.94307,0.94147,0.93987,0.93825,0.93663,0.93499,0.93334,0.93169,0.93002,0.92834,0.92666,0.92496,0.92326,0.92154,0.91982,0.91809,0.91635,0.91461,0.91285,0.91109,0.90932,0.90754,0.90576,0.90396,0.90217,0.90036,0.89855,0.89674,0.89492,0.89309,0.89127,0.88943,0.88759,0.88575,0.88391,0.88206,0.88021,0.87835,0.8765,0.87464,0.87277,0.87091,0.86904,0.86718,0.86531,0.86343,0.86156,0.85968,0.85781,0.85593,0.85405,0.85217,0.85028,0.84839,0.84651,0.84462,0.84273,0.84083,0.83894
0.94465,0.94307,0.94147,0.93987,0.93825,0.93663,0.93499,0.93334,0.93169,0.93002,0.92834,0.92666,0.92496,0.92326,0.92154,0.91982,0.91809,0.91635,0.91461,0.91285,0.91109,0.90932,0.90754,0.90576,0.90396,0.90217,0.90036,0.89855,0.89674,0.89492,0.89309,0.89127,0.88943,0.88759,0.88575,0.88391,0.88206,0.88021,0.87835,0.8765,0.87464,0.87277,0.87091,0.86904,0.86718,0.86531,0.86343,0.86156,0.85968,0.85781,0.85593,0.85405,0.85217,0.85028,0.84839,0.84651,0.84462,0.84273,0.84083,0.83894,0.83704
0.94307,0.94147,0.93987,0.93825,0.93663,0.93499,0.93334,0.93169,0.93002,0.92834,0.92666,0.92496,0.92326,0.92154,0.91982,0.91809,0.91635,0.91461,0.91285,0.91109,0.90932,0.90754,0.90576,0.90396,0.90217,0.90036,0.89855,0.89674,0.89492,0.89309,0.89127,0.88943,0.88759,0.88575,0.88391,0.88206,0.88021,0.87835,0.8765,0.87464,0.87277,0.87091,0.86904,0.86718,0.86531,0.86343,0.86156,0.85968,0.85781,0.85593,0.85405,0.85217,0.85028,0.84839,0.84651,0.84462,0.84273,0.84083,0.83894,0.83704,0.83514
0.94147,0.93987,0.93825,0.93663,0.93499,0.93334,0.93169,0.93002,0.92834,0.92666,0.92496,0.92326,0.92154,0.91982,0.91809,0.91635,0.91461,0.91285,0.91109,0.90932,0.90754,0.90576,0.90396,0.90217,0.90036,0.89855,0.89674,0.89492,0.89309,0.89127,0.88943,0.88759,0.88575,0.88391,0.88206,0.88021,0.87835,0.8765,0.87464,0.87277,0.87091,0.86904,0.86718,0.86531,0.86343,0.86156,0.85968,0.85781,0.85593,0.85405,0.85217,0.85028,0.84839,0.84651,0.84462,0.84273,0.84083,0.83894,0.83704,0.83514,0.83324
0.93987,0.93825,0.93663,0.93499,0.93334,0.93169,0.93002,0.92834,0.92666,0.92496,0.92326,0.92154,0.91982,0.91809,0.91635,0.91461,0.91285,0.91109,0.90932,0.90754,0.90576,0.90396,0.90217,0.90036,0.89855,0.89674,0.89492,0.89309,0.89127,0.88943,0.88759,0.88575,0.88391,0.88206,0.88021,0.87835,0.8765,0.87464,0.87277,0.87091,0.86904,0.86718,0.86531,0.86343,0.86156,0.85968,0.85781,0.85593,0.85405,0.85217,0.85028,0.84839,0.84651,0.84462,0.84273,0.84083,0.83894,0.83704,0.83514,0.83324,0.83133
0.93825,0.93663,0.93499,0.93334,0.93169,0.93002,0.92834,0.92666,0.92496,0.92326,0.92154,0.91982,0.91809,0.91635,0.91461,0.91285,0.91109,0.90932,0.90754,0.90576,0.90396,0.90217,0.90036,0.89855,0.89674,0.89492,0.89309,0.89127,0.88943,0.88759,0.88575,0.88391,0.88206,0.88021,0.87835,0.8765,0.87464,0.87277,0.87091,0.86904,0.86718,0.86531,0.86343,0.86156,0.85968,0.85781,0.85593,0.85405,0.85217,0.85028,0.84839,0.84651,0.84462,0.84273,0.84083,0.83894,0.83704,0.83514,0.83324,0.83133,0.82942
0.93663,0.93499,0.93334,0.93169,0.93002,0.92834,0.92666,0.92496,0.92326,0.92154,0.91982,0.91809,0.91635,0.91461,0.91285,0.91109,0.90932,0.90754,0.90576,0.90396,0.90217,0.90036,0.89855,0.89674,0.89492,0.89309,0.89127,0.88943,0.88759,0.88575,0.88391,0.88206,0.88021,0.87835,0.8765,0.87464,0.87277,0.87091,0.86904,0.86718,0.86531,0.86343,0.86156,0.85968,0.85781,0.85593,0.85405,0.85217,0.85028,0.84839,0.84651,0.84462,0.84273,0.84083,0.83894,0.83704,0.83514,0.83324,0.83133,0.82942,0.82752
0.93499,0.93334,0.93169,0.93002,0.92834,0.92666,0.92496,0.92326,0.92154,0.91982,0.91809,0.91635,0.91461,0.91285,0.91109,0.90932,0.90754,0.90576,0.90396,0.90217,0.90036,0.89855,0.89674,0.89492,0.89309,0.89127,0.88943,0.88759,0.88575,0.88391,0.88206,0.88021,0.87835,0.8765,0.87464,0.87277,0.87091,0.86904,0.86718,0.86531,0.86343,0.86156,0.85968,0.85781,0.85593,0.85405,0.85217,0.85028,0.84839,0.84651,0.84462,0.84273,0.84083,0.83894,0.83704,0.83514,0.83324,0.83133,0.82942,0.82752,0.8256
0.93334,0.93169,0.93002,0.92834,0.92666,0.92496,0.92326,0.92154,0.91982,0.91809,0.91635,0.91461,0.91285,0.91109,0.90932,0.90754,0.90576,0.90396,0.90217,0.90036,0.89855,0.89674,0.89492,0.89309,0.89127,0.88943,0.88759,0.88575,0.88391,0.88206,0.88021,0.87835,0.8765,0.87464,0.87277,0.87091,0.86904,0.86718,0.86531,0.86343,0.86156,0.85968,0.85781,0.85593,0.85405,0.85217,0.85028,0.84839,0.84651,0.84462,0.84273,0.84083,0.83894,0.83704,0.83514,0.83324,0.83133,0.82942,0.82752,0.8256,0.82369
0.93169,0.93002,0.92834,0.92666,0.92496,0.92326,0.92154,0.91982,0.91809,0.91635,0.91461,0.91285,0.91109,0.90932,0.90754,0.90576,0.90396,0.90217,0.90036,0.89855,0.89674,0.89492,0.89309,0.89127,0.88943,0.88759,0.88575,0.88391,0.88206,0.88021,0.87835,0.8765,0.87464,0.87277,0.87091,0.86904,0.86718,0.86531,0.86343,0.86156,0.85968,0.85781,0.85593,0.85405,0.85217,0.85028,0.84839,0.84651,0.84462,0.84273,0.84083,0.83894,0.83704,0.83514,0.83324,0.83133,0.82942,0.82752,0.8256,0.82369,0.82178
0.93002,0.92834,0.92666,0.92496,0.92326,0.92154,0.91982,0.91809,0.91635,0.91461,0.91285,0.91109,0.90932,0.90754,0.90576,0.90396,0.90217,0.90036,0.89855,0.89674,0.89492,0.89309,0.89127,0.88943,0.88759,0.88575,0.88391,0.88206,0.88021,0.87835,0.8765,0.87464,0.87277,0.87091,0.86904,0.86718,0.86531,0.86343,0.86156,0.85968,0.85781,0.85593,0.85405,0.85217,0.85028,0.84839,0.84651,0.84462,0.84273,0.84083,0.83894,0.83704,0.83514,0.83324,0.83133,0.82942,0.82752,0.8256,0.82369,0.82178,0.81986
0.92834,0.92666,0.92496,0.92326,0.92154,0.91982,0.91809,0.91635,0.91461,0.91285,0.91109,0.90932,0.90754,0.90576,0.90396,0.90217,0.90036,0.89855,0.89674,0.89492,0.89309,0.89127,0.88943,0.88759,0.88575,0.88391,0.88206,0.88021,0.87835,0.8765,0.87464,0.87277,0.87091,0.86904,0.86718,0.86531,0.86343,0.86156,0.85968,0.85781,0.85593,0.85405,0.85217,0.85028,0.84839,0.84651,0.84462,0.84273,0.84083,0.83894,0.83704,0.83514,0.83324,0.83133,0.82942,0.82752,0.8256,0.82369,0.82178,0.81986,0.81794
0.92666,0.92496,0.92326,0.92154,0.91982,0.91809,0.91635,0.91461,0.91285,0.91109,0.90932,0.90754,0.90576,0.90396,0.90217,0.90036,0.89855,0.89674,0.89492,0.89309,0.89127,0.88943,0.88759,0.88575,0.88391,0.88206,0.88021,0.87835,0.8765,0.87464,0.87277,0.87091,0.86904,0.86718,0.86531,0.86343,0.86156,0.85968,0.85781,0.85593,0.85405,0.85217,0.85028,0.84839,0.84651,0.84462,0.84273,0.84083,0.83894,0.83704,0.83514,0.83324,0.83133,0.82942,0.82752,0.8256,0.82369,0.82178,0.81986,0.81794,0.81602
0.92496,0.92326,0.92154,0.91982,0.91809,0.91635,0.91461,0.91285,0.91109,0.90932,0.90754,0.90576,0.90396,0.90217,0.90036,0.89855,0.89674,0.89492,0.89309,0.89127,0.88943,0.88759,0.88575,0.88391,0.88206,0.88021,0.87835,0.8765,0.87464,0.87277,0.87091,0.86904,0.86718,0.86531,0.86343,0.86156,0.85968,0.85781,0.85593,0.85405,0.85217,0.85028,0.84839,0.84651,0.84462,0.84273,0.84083,0.83894,0.83704,0.83514,0.83324,0.83133,0.82942,0.82752,0.8256,0.82369,0.82178,0.81986,0.81794,0.81602,0.81409
0.92326,0.92154,0.91982,0.91809,0.91635,0.91461,0.91285,0.91109,0.90932,0.90754,0.90576,0.90396,0.90217,0.90036,0.89855,0.89674,0.89492,0.89309,0.89127,0.88943,0.88759,0.88575,0.88391,0.88206,0.88021,0.87835,0.8765,0.87464,0.87277,0.87091,0.86904,0.86718,0.86531,0.86343,0.86156,0.85968,0.85781,0.85593,0.85405,0.85217,0.85028,0.84839,0.84651,0.84462,0.84273,0.84083,0.83894,0.83704,0.83514,0.83324,0.83133,0.82942,0.82752,0.8256,0.82369,0.82178,0.81986,0.81794,0.81602,0.81409,0.81217
0.92154,0.91982,0.91809,0.91635,0.91461,0.91285,0.91109,0.90932,0.90754,0.90576,0.90396,0.90217,0.90036,0.89855,0.89674,0.89492,0.89309,0.89127,0.88943,0.88759,0.88575,0.88391,0.88206,0.88021,0.87835,0.8765,0.87464,0.87277,0.87091,0.86904,0.86718,0.86531,0.86343,0.86156,0.85968,0.85781,0.85593,0.85405,0.85217,0.85028,0.84839,0.84651,0.84462,0.84273,0.84083,0.83894,0.83704,0.83514,0.83324,0.83133,0.82942,0.82752,0.8256,0.82369,0.82178,0.81986,0.81794,0.81602,0.81409,0.81217,0.81024
0.91982,0.91809,0.91635,0.91461,0.91285,0.91109,0.90932,0.90754,0.90576,0.90396,0.90217,0.90036,0.89855,0.89674,0.89492,0.89309,0.89127,0.88943,0.88759,0.88575,0.88391,0.88206,0.88021,0.87835,0.8765,0.87464,0.87277,0.87091,0.86904,0.86718,0.86531,0.86343,0.86156,0.85968,0.85781,0.85593,0.85405,0.85217,0.85028,0.84839,0.84651,0.84462,0.84273,0.84083,0.83894,0.83704,0.83514,0.83324,0.83133,0.82942,0.82752,0.8256,0.82369,0.82178,0.81986,0.81794,0.81602,0.81409,0.81217,0.81024,0.80831
0.91809,0.91635,0.91461,0.91285,0.91109,0.90932,0.90754,0.90576,0.90396,0.90217,0.90036,0.89855,0.89674,0.89492,0.89309,0.89127,0.88943,0.88759,0.88575,0.88391,0.88206,0.88021,0.87835,0.8765,0.87464,0.87277,0.87091,0.86904,0.86718,0.86531,0.86343,0.86156,0.85968,0.85781,0.85593,0.85405,0.85217,0.85028,0.84839,0.84651,0.84462,0.84273,0.84083,0.83894,0.83704,0.83514,0.83324,0.83133,0.82942,0.82752,0.8256,0.82369,0.82178,0.81986,0.81794,0.81602,0.81409,0.81217,0.81024,0.80831,0.80638
0.91635,0.91461,0.91285,0.91109,0.90932,0.90754,0.90576,0.90396,0.90217,0.90036,0.89855,0.89674,0.89492,0.89309,0.89127,0.88943,0.88759,0.88575,0.88391,0.88206,0.88021,0.87835,0.8765,0.87464,0.87277,0.87091,0.86904,0.86718,0.86531,0.86343,0.86156,0.85968,0.85781,0.85593,0.85405,0.85217,0.85028,0.84839,0.84651,0.84462,0.84273,0.84083,0.83894,0.83704,0.83514,0.83324,0.83133,0.82942,0.82752,0.8256,0.82369,0.82178,0.81986,0.81794,0.81602,0.81409,0.81217,0.81024,0.80831,0.80638,0.80445
0.91461,0.91285,0.91109,0.90932,0.90754,0.90576,0.90396,0.90217,0.90036,0.89855,0.89674,0.89492,0.89309,0.89127,0.88943,0.88759,0.88575,0.88391,0.88206,0.88021,0.87835,0.8765,0.87464,0.87277,0.87091,0.86904,0.86718,0.86531,0.86343,0.86156,0.85968,0.85781,0.85593,0.85405,0.85217,0.85028,0.84839,0.84651,0.84462,0.84273,0.84083,0.83894,0.83704,0.83514,0.83324,0.83133,0.82942,0.82752,0.8256,0.82369,0.82178,0.81986,0.81794,0.81602,0.81409,0.81217,0.81024,0.80831,0.80638,0.80445,0.80251
0.91285,0.91109,0.90932,0.90754,0.90576,0.90396,0.90217,0.90036,0.89855,0.89674,0.89492,0.89309,0.89127,0.88943,0.88759,0.88575,0.88391,0.88206,0.88021,0.87835,0.8765,0.87464,0.87277,0.87091,0.86904,0.86718,0.86531,0.86343,0.86156,0.85968,0.85781,0.85593,0.85405,0.85217,0.85028,0.84839,0.84651,0.84462,0.84273,0.84083,0.83894,0.83704,0.83514,0.83324,0.83133,0.82942,0.82752,0.8256,0.82369,0.82178,0.81986,0.81794,0.81602,0.81409,0.81217,0.81024,0.80831,0.80638,0.80445,0.80251,0.80058
0.91109,0.90932,0.90754,0.90576,0.90396,0.90217,0.90036,0.89855,0.89674,0.89492,0.89309,0.89127,0.88943,0.88759,0.88575,0.88391,0.88206,0.88021,0.87835,0.8765,0.87464,0.87277,0.87091,0.86904,0.86718,0.86531,0.86343,0.86156,0.85968,0.85781,0.85593,0.85405,0.85217,0.85028,0.84839,0.84651,0.84462,0.84273,0.84083,0.83894,0.83704,0.83514,0.83324,0.83133,0.82942,0.82752,0.8256,0.82369,0.82178,0.81986,0.81794,0.81602,0.81409,0.81217,0.81024,0.80831,0.80638,0.80445,0.80251,0.80058,0.79864
0.90932,0.90754,0.90576,0.90396,0.90217,0.90036,0.89855,0.89674,0.89492,0.89309,0.89127,0.88943,0.88759,0.88575,0.88391,0.88206,0.88021,0.87835,0.8765,0.87464,0.87277,0.87091,0.86904,0.86718,0.86531,0.86343,0.86156,0.85968,0.85781,0.85593,0.85405,0.85217,0.85028,0.84839,0.84651,0.84462,0.84273,0.84083,0.83894,0.83704,0.83514,0.83324,0.83133,0.82942,0.82752,0.8256,0.82369,0.82178,0.81986,0.81794,0.81602,0.81409,0.81217,0.81024,0.80831,0.80638,0.80445,0.80251,0.80058,0.79864,0.79671
0.90754,0.90576,0.90396,0.90217,0.90036,0.89855,0.89674,0.89492,0.89309,0.89127,0.88943,0.88759,0.88575,0.88391,0.88206,0.88021,0.87835,0.8765,0.87464,0.87277,0.87091,0.86904,0.86718,0.86531,0.86343,0.86156,0.85968,0.85781,0.85593,0.85405,0.85217,0.85028,0.84839,0.84651,0.84462,0.84273,0.84083,0.83894,0.83704,0.83514,0.83324,0.83133,0.82942,0.82752,0.8256,0.82369,0.82178,0.81986,0.81794,0.81602,0.81409,0.81217,0.81024,0.80831,0.80638,0.80445,0.80251,0.80058,0.79864,0.79671,0.79477
0.90576,0.90396,0.90217,0.90036,0.89855,0.89674,0.89492,0.89309,0.89127,0.88943,0.88759,0.88575,0.88391,0.88206,0.88021,0.87835,0.8765,0.87464,0.87277,0.87091,0.86904,0.86718,0.86531,0.86343,0.86156,0.85968,0.85781,0.85593,0.85405,0.85217,0.85028,0.84839,0.84651,0.84462,0.84273,0.84083,0.83894,0.83704,0.83514,0.83324,0.83133,0.82942,0.82752,0.8256,0.82369,0.82178,0.81986,0.81794,0.81602,0.81409,0.81217,0.81024,0.80831,0.80638,0.80445,0.80251,0.80058,0.79864,0.79671,0.79477,0.79283
0.90396,0.90217,0.90036,0.89855,0.89674,0.89492,0.89309,0.89127,0.88943,0.88759,0.88575,0.88391,0.88206,0.88021,0.87835,0.8765,0.87464,0.87277,0.87091,0.86904,0.86718,0.86531,0.86343,0.86156,0.85968,0.85781,0.85593,0.85405,0.85217,0.85028,0.84839,0.84651,0.84462,0.84273,0.84083,0.83894,0.83704,0.83514,0.83324,0.83133,0.82942,0.82752,0.8256,0.82369,0.82178,0.81986,0.81794,0.81602,0.81409,0.81217,0.81024,0.80831,0.80638,0.80445,0.80251,0.80058,0.79864,0.79671,0.79477,0.79283,0.79089
0.90217,0.90036,0.89855,0.89674,0.89492,0.89309,0.89127,0.88943,0.88759,0.88575,0.88391,0.88206,0.88021,0.87835,0.8765,0.87464,0.87277,0.87091,0.86904,0.86718,0.86531,0.86343,0.86156,0.85968,0.85781,0.85593,0.85405,0.85217,0.85028,0.84839,0.84651,0.84462,0.84273,0.84083,0.83894,0.83704,0.83514,0.83324,0.83133,0.82942,0.82752,0.8256,0.82369,0.82178,0.81986,0.81794,0.81602,0.81409,0.81217,0.81024,0.80831,0.80638,0.80445,0.80251,0.80058,0.79864,0.79671,0.79477,0.79283,0.79089,0.78896
0.90036,0.89855,0.89674,0.89492,0.89309,0.89127,0.88943,0.88759,0.88575,0.88391,0.88206,0.88021,0.87835,0.8765,0.87464,0.87277,0.87091,0.86904,0.86718,0.86531,0.86343,0.86156,0.85968,0.85781,0.85593,0.85405,0.85217,0.85028,0.84839,0.84651,0.84462,0.84273,0.84083,0.83894,0.83704,0.83514,0.83324,0.83133,0.82942,0.82752,0.8256,0.82369,0.82178,0.81986,0.81794,0.81602,0.81409,0.81217,0.81024,0.80831,0.80638,0.80445,0.80251,0.80058,0.79864,0.79671,0.79477,0.79283,0.79089,0.78896,0.78702
0.89855,0.89674,0.89492,0.89309,0.89127,0.88943,0.88759,0.88575,0.88391,0.88206,0.88021,0.87835,0.8765,0.87464,0.87277,0.87091,0.86904,0.86718,0.86531,0.86343,0.86156,0.85968,0.85781,0.85593,0.85405,0.85217,0.85028,0.84839,0.84651,0.84462,0.84273,0.84083,0.83894,0.83704,0.83514,0.83324,0.83133,0.82942,0.82752,0.8256,0.82369,0.82178,0.81986,0.81794,0.81602,0.81409,0.81217,0.81024,0.80831,0.80638,0.80445,0.80251,0.80058,0.79864,0.79671,0.79477,0.79283,0.79089,0.78896,0.78702,0.78508
0.89674,0.89492,0.89309,0.89127,0.88943,0.88759,0.88575,0.88391,0.88206,0.88021,0.87835,0.8765,0.87464,0.87277,0.87091,0.86904,0.86718,0.86531,0.86343,0.86156,0.85968,0.85781,0.85593,0.85405,0.85217,0.85028,0.84839,0.84651,0.84462,0.84273,0.84083,0.83894,0.83704,0.83514,0.83324,0.83133,0.82942,0.82752,0.8256,0.82369,0.82178,0.81986,0.81794,0.81602,0.81409,0.81217,0.81024,0.80831,0.80638,0.80445,0.80251,0.80058,0.79864,0.79671,0.79477,0.79283,0.79089,0.78896,0.78702,0.78508,0.78314
0.89492,0.89309,0.89127,0.88943,0.88759,0.88575,0.88391,0.88206,0.88021,0.87835,0.8765,0.87464,0.87277,0.87091,0.86904,0.86718,0.86531,0.86343,0.86156,0.85968,0.85781,0.85593,0.85405,0.85217,0.85028,0.84839,0.84651,0.84462,0.84273,0.84083,0.83894,0.83704,0.83514,0.83324,0.83133,0.82942,0.82752,0.8256,0.82369,0.82178,0.81986,0.81794,0.81602,0.81409,0.81217,0.81024,0.80831,0.80638,0.80445,0.80251,0.80058,0.79864,0.79671,0.79477,0.79283,0.79089,0.78896,0.78702,0.78508,0.78314,0.7812
0.89309,0.89127,0.88943,0.88759,0.88575,0.88391,0.88206,0.88021,0.87835,0.8765,0.87464,0.87277,0.87091,0.86904,0.86718,0.86531,0.86343,0.86156,0.85968,0.85781,0.85593,0.85405,0.85217,0.85028,0.84839,0.84651,0.84462,0.84273,0.84083,0.83894,0.83704,0.83514,0.83324,0.83133,0.82942,0.82752,0.8256,0.82369,0.82178,0.81986,0.81794,0.81602,0.81409,0.81217,0.81024,0.80831,0.80638,0.80445,0.80251,0.80058,0.79864,0.79671,0.79477,0.79283,0.79089,0.78896,0.78702,0.78508,0.78314,0.7812,0.77926
0.89127,0.88943,0.88759,0.88575,0.88391,0.88206,0.88021,0.87835,0.8765,0.87464,0.87277,0.87091,0.86904,0.86718,0.86531,0.86343,0.86156,0.85968,0.85781,0.85593,0.85405,0.85217,0.85028,0.84839,0.84651,0.84462,0.84273,0.84083,0.83894,0.83704,0.83514,0.83324,0.83133,0.82942,0.82752,0.8256,0.82369,0.82178,0.81986,0.81794,0.81602,0.81409,0.81217,0.81024,0.80831,0.80638,0.80445,0.80251,0.80058,0.79864,0.79671,0.79477,0.79283,0.79089,0.78896,0.78702,0.78508,0.78314,0.7812,0.77926,0.77733
0.88943,0.88759,0.88575,0.88391,0.88206,0.88021,0.87835,0.8765,0.87464,0.87277,0.87091,0.86904,0.86718,0.86531,0.86343,0.86156,0.85968,0.85781,0.85593,0.85405,0.85217,0.85028,0.84839,0.84651,0.84462,0.84273,0.84083,0.83894,0.83704,0.83514,0.83324,0.83133,0.82942,0.82752,0.8256,0.82369,0.82178,0.81986,0.81794,0.81602,0.81409,0.81217,0.81024,0.80831,0.80638,0.80445,0.80251,0.80058,0.79864,0.79671,0.79477,0.79283,0.79089,0.78896,0.78702,0.78508,0.78314,0.7812,0.77926,0.77733,0.77539
0.88759,0.88575,0.88391,0.88206,0.88021,0.87835,0.8765,0.87464,0.87277,0.87091,0.86904,0.86718,0.86531,0.86343,0.86156,0.85968,0.85781,0.85593,0.85405,0.85217,0.85028,0.84839,0.84651,0.84462,0.84273,0.84083,0.83894,0.83704,0.83514,0.83324,0.83133,0.82942,0.82752,0.8256,0.82369,0.82178,0.81986,0.81794,0.81602,0.81409,0.81217,0.81024,0.80831,0.80638,0.80445,0.80251,0.80058,0.79864,0.79671,0.79477,0.79283,0.79089,0.78896,0.78702,0.78508,0.78314,0.7812,0.77926,0.77733,0.77539,0.77346
0.88575,0.88391,0.88206,0.88021,0.87835,0.8765,0.87464,0.87277,0.87091,0.86904,0.86718,0.86531,0.86343,0.86156,0.85968,0.85781,0.85593,0.85405,0.85217,0.85028,0.84839,0.84651,0.84462,0.84273,0.84083,0.83894,0.83704,0.83514,0.83324,0.83133,0.82942,0.82752,0.8256,0.82369,0.82178,0.81986,0.81794,0.81602,0.81409,0.81217,0.81024,0.80831,0.80638,0.80445,0.80251,0.80058,0.79864,0.79671,0.79477,0.79283,0.79089,0.78896,0.78702,0.78508,0.78314,0.7812,0.77926,0.77733,0.77539,0.77346,0.77152
0.88391,0.88206,0.88021,0.87835,0.8765,0.87464,0.87277,0.87091,0.86904,0.86718,0.86531,0.86343,0.86156,0.85968,0.85781,0.85593,0.85405,0.85217,0.85028,0.84839,0.84651,0.84462,0.84273,0.84083,0.83894,0.83704,0.83514,0.83324,0.83133,0.82942,0.82752,0.8256,0.82369,0.82178,0.81986,0.81794,0.81602,0.81409,0.81217,0.81024,0.80831,0.80638,0.80445,0.80251,0.80058,0.79864,0.79671,0.79477,0.79283,0.79089,0.78896,0.78702,0.78508,0.78314,0.7812,0.77926,0.77733,0.77539,0.77346,0.77152,0.76959
0.88206,0.88021,0.87835,0.8765,0.87464,0.87277,0.87091,0.86904,0.86718,0.86531,0.86343,0.86156,0.85968,0.85781,0.85593,0.85405,0.85217,0.85028,0.84839,0.84651,0.84462,0.84273,0.84083,0.83894,0.83704,0.83514,0.83324,0.83133,0.82942,0.82752,0.8256,0.82369,0.82178,0.81986,0.81794,0.81602,0.81409,0.81217,0.81024,0.80831,0.80638,0.80445,0.80251,0.80058,0.79864,0.79671,0.79477,0.79283,0.79089,0.78896,0.78702,0.78508,0.78314,0.7812,0.77926,0.77733,0.77539,0.77346,0.77152,0.76959,0.76765
0.88021,0.87835,0.8765,0.87464,0.87277,0.87091,0.86904,0.86718,0.86531,0.86343,0.86156,0.85968,0.85781,0.85593,0.85405,0.85217,0.85028,0.84839,0.84651,0.84462,0.84273,0.84083,0.83894,0.83704,0.83514,0.83324,0.83133,0.82942,0.82752,0.8256,0.82369,0.82178,0.81986,0.81794,0.81602,0.81409,0.81217,0.81024,0.80831,0.80638,0.80445,0.80251,0.80058,0.79864,0.79671,0.79477,0.79283,0.79089,0.78896,0.78702,0.78508,0.78314,0.7812,0.77926,0.77733,0.77539,0.77346,0.77152,0.76959,0.76765,0.76572
0.87835,0.8765,0.87464,0.87277,0.87091,0.86904,0.86718,0.86531,0.86343,0.86156,0.85968,0.85781,0.85593,0.85405,0.85217,0.85028,0.84839,0.84651,0.84462,0.84273,0.84083,0.83894,0.83704,0.83514,0.83324,0.83133,0.82942,0.82752,0.8256,0.82369,0.82178,0.81986,0.81794,0.81602,0.81409,0.81217,0.81024,0.80831,0.80638,0.80445,0.80251,0.80058,0.79864,0.79671,0.79477,0.79283,0.79089,0.78896,0.78702,0.78508,0.78314,0.7812,0.77926,0.77733,0.77539,0.77346,0.77152,0.76959,0.76765,0.76572,0.76379
0.8765,0.87464,0.87277,0.87091,0.86904,0.86718,0.86531,0.86343,0.86156,0.85968,0.85781,0.85593,0.85405,0.85217,0.85028,0.84839,0.84651,0.84462,0.84273,0.84083,0.83894,0.83704,0.83514,0.83324,0.83133,0.82942,0.82752,0.8256,0.82369,0.82178,0.81986,0.81794,0.81602,0.81409,0.81217,0.81024,0.80831,0.80638,0.80445,0.80251,0.80058,0.79864,0.79671,0.79477,0.79283,0.79089,0.78896,0.78702,0.78508,0.78314,0.7812,0.77926,0.77733,0.77539,0.77346,0.77152,0.76959,0.76765,0.76572,0.76379,0.76186
0.87464,0.87277,0.87091,0.86904,0.86718,0.86531,0.86343,0.86156,0.85968,0.85781,0.85593,0.85405,0.85217,0.85028,0.84839,0.84651,0.84462,0.84273,0.84083,0.83894,0.83704,0.83514,0.83324,0.83133,0.82942,0.82752,0.8256,0.82369,0.82178,0.81986,0.81794,0.81602,0.81409,0.81217,0.81024,0.80831,0.80638,0.80445,0.80251,0.80058,0.79864,0.79671,0.79477,0.79283,0.79089,0.78896,0.78702,0.78508,0.78314,0.7812,0.77926,0.77733,0.77539,0.77346,0.77152,0.76959,0.76765,0.76572,0.76379,0.76186,0.75993
0.87277,0.87091,0.86904,0.86718,0.86531,0.86343,0.86156,0.85968,0.85781,0.85593,0.85405,0.85217,0.85028,0.84839,0.84651,0.84462,0.84273,0.84083,0.83894,0.83704,0.83514,0.83324,0.83133,0.82942,0.82752,0.8256,0.82369,0.82178,0.81986,0.81794,0.81602,0.81409,0.81217,0.81024,0.80831,0.80638,0.80445,0.80251,0.80058,0.79864,0.79671,0.79477,0.79283,0.79089,0.78896,0.78702,0.78508,0.78314,0.7812,0.77926,0.77733,0.77539,0.77346,0.77152,0.76959,0.76765,0.76572,0.76379,0.76186,0.75993,0.75801
0.87091,0.86904,0.86718,0.86531,0.86343,0.86156,0.85968,0.85781,0.85593,0.85405,0.85217,0.85028,0.84839,0.84651,0.84462,0.84273,0.84083,0.83894,0.83704,0.83514,0.83324,0.83133,0.82942,0.82752,0.8256,0.82369,0.82178,0.81986,0.81794,0.81602,0.81409,0.81217,0.81024,0.80831,0.80638,0.80445,0.80251,0.80058,0.79864,0.79671,0.79477,0.79283,0.79089,0.78896,0.78702,0.78508,0.78314,0.7812,0.77926,0.77733,0.77539,0.77346,0.77152,0.76959,0.76765,0.76572,0.76379,0.76186,0.75993,0.75801,0.75608
0.86904,0.86718,0.86531,0.86343,0.86156,0.85968,0.85781,0.85593,0.85405,0.85217,0.85028,0.84839,0.84651,0.84462,0.84273,0.84083,0.83894,0.83704,0.83514,0.83324,0.83133,0.82942,0.82752,0.8256,0.82369,0.82178,0.81986,0.81794,0.81602,0.81409,0.81217,0.81024,0.80831,0.80638,0.80445,0.80251,0.80058,0.79864,0.79671,0.79477,0.79283,0.79089,0.78896,0.78702,0.78508,0.78314,0.7812,0.77926,0.77733,0.77539,0.77346,0.77152,0.76959,0.76765,0.76572,0.76379,0.76186,0.75993,0.75801,0.75608,0.75416
0.86718,0.86531,0.86343,0.86156,0.85968,0.85781,0.85593,0.85405,0.85217,0.85028,0.84839,0.84651,0.84462,0.84273,0.84083,0.83894,0.83704,0.83514,0.83324,0.83133,0.82942,0.82752,0.8256,0.82369,0.82178,0.81986,0.81794,0.81602,0.81409,0.81217,0.81024,0.80831,0.80638,0.80445,0.80251,0.80058,0.79864,0.79671,0.79477,0.79283,0.79089,0.78896,0.78702,0.78508,0.78314,0.7812,0.77926,0.77733,0.77539,0.77346,0.77152,0.76959,0.76765,0.76572,0.76379,0.76186,0.75993,0.75801,0.75608,0.75416,0.75223
0.86531,0.86343,0.86156,0.85968,0.85781,0.85593,0.85405,0.85217,0.85028,0.84839,0.84651,0.84462,0.84273,0.84083,0.83894,0.83704,0.83514,0.83324,0.83133,0.82942,0.82752,0.8256,0.82369,0.82178,0.81986,0.81794,0.81602,0.81409,0.81217,0.81024,0.80831,0.80638,0.80445,0.80251,0.80058,0.79864,0.79671,0.79477,0.79283,0.79089,0.78896,0.78702,0.78508,0.78314,0.7812,0.77926,0.77733,0.77539,0.77346,0.77152,0.76959,0.76765,0.76572,0.76379,0.76186,0.75993,0.75801,0.75608,0.75416,0.75223,0.75031
0.86343,0.86156,0.85968,0.85781,0.85593,0.85405,0.85217,0.85028,0.84839,0.84651,0.84462,0.84273,0.84083,0.83894,0.83704,0.83514,0.83324,0.83133,0.82942,0.82752,0.8256,0.82369,0.82178,0.81986,0.81794,0.81602,0.81409,0.81217,0.81024,0.80831,0.80638,0.80445,0.80251,0.80058,0.79864,0.79671,0.79477,0.79283,0.79089,0.78896,0.78702,0.78508,0.78314,0.7812,0.77926,0.77733,0.77539,0.77346,0.77152,0.76959,0.76765,0.76572,0.76379,0.76186,0.75993,0.75801,0.75608,0.75416,0.75223,0.75031,0.74839
0.86156,0.85968,0.85781,0.85593,0.85405,0.85217,0.85028,0.84839,0.84651,0.84462,0.84273,0.84083,0.83894,0.83704,0.83514,0.83324,0.83133,0.82942,0.82752,0.8256,0.82369,0.82178,0.81986,0.81794,0.81602,0.81409,0.81217,0.81024,0.80831,0.80638,0.80445,0.80251,0.80058,0.79864,0.79671,0.79477,0.79283,0.79089,0.78896,0.78702,0.78508,0.78314,0.7812,0.77926,0.77733,0.77539,0.77346,0.77152,0.76959,0.76765,0.76572,0.76379,0.76186,0.75993,0.75801,0.75608,0.75416,0.75223,0.75031,0.74839,0.74647
0.85968,0.85781,0.85593,0.85405,0.85217,0.85028,0.84839,0.84651,0.84462,0.84273,0.84083,0.83894,0.83704,0.83514,0.83324,0.83133,0.82942,0.82752,0.8256,0.82369,0.82178,0.81986,0.81794,0.81602,0.81409,0.81217,0.81024,0.80831,0.80638,0.80445,0.80251,0.80058,0.79864,0.79671,0.79477,0.79283,0.79089,0.78896,0.78702,0.78508,0.78314,0.7812,0.77926,0.77733,0.77539,0.77346,0.77152,0.76959,0.76765,0.76572,0.76379,0.76186,0.75993,0.75801,0.75608,0.75416,0.75223,0.75031,0.74839,0.74647,0.74455
0.85781,0.85593,0.85405,0.85217,0.85028,0.84839,0.84651,0.84462,0.84273,0.84083,0.83894,0.83704,0.83514,0.83324,0.83133,0.82942,0.82752,0.8256,0.82369,0.82178,0.81986,0.81794,0.81602,0.81409,0.81217,0.81024,0.80831,0.80638,0.80445,0.80251,0.80058,0.79864,0.79671,0.79477,0.79283,0.79089,0.78896,0.78702,0.78508,0.78314,0.7812,0.77926,0.77733,0.77539,0.77346,0.77152,0.76959,0.76765,0.76572,0.76379,0.76186,0.75993,0.75801,0.75608,0.75416,0.75223,0.75031,0.74839,0.74647,0.74455,0.74263
0.85593,0.85405,0.85217,0.85028,0.84839,0.84651,0.84462,0.84273,0.84083,0.83894,0.83704,0.83514,0.83324,0.83133,0.82942,0.82752,0.8256,0.82369,0.82178,0.81986,0.81794,0.81602,0.81409,0.81217,0.81024,0.80831,0.80638,0.80445,0.80251,0.80058,0.79864,0.79671,0.79477,0.79283,0.79089,0.78896,0.78702,0.78508,0.78314,0.7812,0.77926,0.77733,0.77539,0.77346,0.77152,0.76959,0.76765,0.76572,0.76379,0.76186,0.75993,0.75801,0.75608,0.75416,0.75223,0.75031,0.74839,0.74647,0.74455,0.74263,0.74071
0.85405,0.85217,0.85028,0.84839,0.84651,0.84462,0.84273,0.84083,0.83894,0.83704,0.83514,0.83324,0.83133,0.82942,0.82752,0.8256,0.82369,0.82178,0.81986,0.81794,0.81602,0.81409,0.81217,0.81024,0.80831,0.80638,0.80445,0.80251,0.80058,0.79864,0.79671,0.79477,0.79283,0.79089,0.78896,0.78702,0.78508,0.78314,0.7812,0.77926,0.77733,0.77539,0.77346,0.77152,0.76959,0.76765,0.76572,0.76379,0.76186,0.75993,0.75801,0.75608,0.75416,0.75223,0.75031,0.74839,0.74647,0.74455,0.74263,0.74071,0.7388
0.85217,0.85028,0.84839,0.84651,0.84462,0.84273,0.84083,0.83894,0.83704,0.83514,0.83324,0.83133,0.82942,0.82752,0.8256,0.82369,0.82178,0.81986,0.81794,0.81602,0.81409,0.81217,0.81024,0.80831,0.80638,0.80445,0.80251,0.80058,0.79864,0.79671,0.79477,0.79283,0.79089,0.78896,0.78702,0.78508,0.78314,0.7812,0.77926,0.77733,0.77539,0.77346,0.77152,0.76959,0.76765,0.76572,0.76379,0.76186,0.75993,0.75801,0.75608,0.75416,0.75223,0.75031,0.74839,0.74647,0.74455,0.74263,0.74071,0.7388,0.73688
0.85028,0.84839,0.84651,0.84462,0.84273,0.84083,0.83894,0.83704,0.83514,0.83324,0.83133,0.82942,0.82752,0.8256,0.82369,0.82178,0.81986,0.81794,0.81602,0.81409,0.81217,0.81024,0.80831,0.80638,0.80445,0.80251,0.80058,0.79864,0.79671,0.79477,0.79283,0.79089,0.78896,0.78702,0.78508,0.78314,0.7812,0.77926,0.77733,0.77539,0.77346,0.77152,0.76959,0.76765,0.76572,0.76379,0.76186,0.75993,0.75801,0.75608,0.75416,0.75223,0.75031,0.74839,0.74647,0.74455,0.74263,0.74071,0.7388,0.73688,0.73497
0.84839,0.84651,0.84462,0.84273,0.84083,0.83894,0.83704,0.83514,0.83324,0.83133,0.82942,0.82752,0.8256,0.82369,0.82178,0.81986,0.81794,0.81602,0.81409,0.81217,0.81024,0.80831,0.80638,0.80445,0.80251,0.80058,0.79864,0.79671,0.79477,0.79283,0.79089,0.78896,0.78702,0.78508,0.78314,0.7812,0.77926,0.77733,0.77539,0.77346,0.77152,0.76959,0.76765,0.76572,0.76379,0.76186,0.75993,0.75801,0.75608,0.75416,0.75223,0.75031,0.74839,0.74647,0.74455,0.74263,0.74071,0.7388,0.73688,0.73497,0.73305
0.84651,0.84462,0.84273,0.84083,0.83894,0.83704,0.83514,0.83324,0.83133,0.82942,0.82752,0.8256,0.82369,0.82178,0.81986,0.81794,0.81602,0.81409,0.81217,0.81024,0.80831,0.80638,0.80445,0.80251,0.80058,0.79864,0.79671,0.79477,0.79283,0.79089,0.78896,0.78702,0.78508,0.78314,0.7812,0.77926,0.77733,0.77539,0.77346,0.77152,0.76959,0.76765,0.76572,0.76379,0.76186,0.75993,0.75801,0.75608,0.75416,0.75223,0.75031,0.74839,0.74647,0.74455,0.74263,0.74071,0.7388,0.73688,0.73497,0.73305,0.73114
0.84462,0.84273,0.84083,0.83894,0.83704,0.83514,0.83324,0.83133,0.82942,0.82752,0.8256,0.82369,0.82178,0.81986,0.81794,0.81602,0.81409,0.81217,0.81024,0.80831,0.80638,0.80445,0.80251,0.80058,0.79864,0.79671,0.79477,0.79283,0.79089,0.78896,0.78702,0.78508,0.78314,0.7812,0.77926,0.77733,0.77539,0.77346,0.77152,0.76959,0.76765,0.76572,0.76379,0.76186,0.75993,0.75801,0.75608,0.75416,0.75223,0.75031,0.74839,0.74647,0.74455,0.74263,0.74071,0.7388,0.73688,0.73497,0.73305,0.73114,0.72923
0.84273,0.84083,0.83894,0.83704,0.83514,0.83324,0.83133,0.82942,0.82752,0.8256,0.82369,0.82178,0.81986,0.81794,0.81602,0.81409,0.81217,0.81024,0.80831,0.80638,0.80445,0.80251,0.80058,0.79864,0.79671,0.79477,0.79283,0.79089,0.78896,0.78702,0.78508,0.78314,0.7812,0.77926,0.77733,0.77539,0.77346,0.77152,0.76959,0.76765,0.76572,0.76379,0.76186,0.75993,0.75801,0.75608,0.75416,0.75223,0.75031,0.74839,0.74647,0.74455,0.74263,0.74071,0.7388,0.73688,0.73497,0.73305,0.73114,0.72923,0.72731
0.84083,0.83894,0.83704,0.83514,0.83324,0.83133,0.82942,0.82752,0.8256,0.82369,0.82178,0.81986,0.81794,0.81602,0.81409,0.81217,0.81024,0.80831,0.80638,0.80445,0.80251,0.80058,0.79864,0.79671,0.79477,0.79283,0.79089,0.78896,0.78702,0.78508,0.78314,0.7812,0.77926,0.77733,0.77539,0.77346,0.77152,0.76959,0.76765,0.76572,0.76379,0.76186,0.75993,0.75801,0.75608,0.75416,0.75223,0.75031,0.74839,0.74647,0.74455,0.74263,0.74071,0.7388,0.73688,0.73497,0.73305,0.73114,0.72923,0.72731,0.7254
0.83894,0.83704,0.83514,0.83324,0.83133,0.82942,0.82752,0.8256,0.82369,0.82178,0.81986,0.81794,0.81602,0.81409,0.81217,0.81024,0.80831,0.80638,0.80445,0.80251,0.80058,0.79864,0.79671,0.79477,0.79283,0.79089,0.78896,0.78702,0.78508,0.78314,0.7812,0.77926,0.77733,0.77539,0.77346,0.77152,0.76959,0.76765,0.76572,0.76379,0.76186,0.75993,0.75801,0.75608,0.75416,0.75223,0.75031,0.74839,0.74647,0.74455,0.74263,0.74071,0.7388,0.73688,0.73497,0.73305,0.73114,0.72923,0.72731,0.7254,0.72349
0.83704,0.83514,0.83324,0.83133,0.82942,0.82752,0.8256,0.82369,0.82178,0.81986,0.81794,0.81602,0.81409,0.81217,0.81024,0.80831,0.80638,0.80445,0.80251,0.80058,0.79864,0.79671,0.79477,0.79283,0.79089,0.78896,0.78702,0.78508,0.78314,0.7812,0.77926,0.77733,0.77539,0.77346,0.77152,0.76959,0.76765,0.76572,0.76379,0.76186,0.75993,0.75801,0.75608,0.75416,0.75223,0.75031,0.74839,0.74647,0.74455,0.74263,0.74071,0.7388,0.73688,0.73497,0.73305,0.73114,0.72923,0.72731,0.7254,0.72349,0.72158
0.83514,0.83324,0.83133,0.82942,0.82752,0.8256,0.82369,0.82178,0.81986,0.81794,0.81602,0.81409,0.81217,0.81024,0.80831,0.80638,0.80445,0.80251,0.80058,0.79864,0.79671,0.79477,0.79283,0.79089,0.78896,0.78702,0.78508,0.78314,0.7812,0.77926,0.77733,0.77539,0.77346,0.77152,0.76959,0.76765,0.76572,0.76379,0.76186,0.75993,0.75801,0.75608,0.75416,0.75223,0.75031,0.74839,0.74647,0.74455,0.74263,0.74071,0.7388,0.73688,0.73497,0.73305,0.73114,0.72923,0.72731,0.7254,0.72349,0.72158,0.71967
0.83324,0.83133,0.82942,0.82752,0.8256,0.82369,0.82178,0.81986,0.81794,0.81602,0.81409,0.81217,0.81024,0.80831,0.80638,0.80445,0.80251,0.80058,0.79864,0.79671,0.79477,0.79283,0.79089,0.78896,0.78702,0.78508,0.78314,0.7812,0.77926,0.77733,0.77539,0.77346,0.77152,0.76959,0.76765,0.76572,0.76379,0.76186,0.75993,0.75801,0.75608,0.75416,0.75223,0.75031,0.74839,0.74647,0.74455,0.74263,0.74071,0.7388,0.73688,0.73497,0.73305,0.73114,0.72923,0.72731,0.7254,0.72349,0.72158,0.71967,0.71775
0.83133,0.82942,0.82752,0.8256,0.82369,0.82178,0.81986,0.81794,0.81602,0.81409,0.81217,0.81024,0.80831,0.80638,0.80445,0.80251,0.80058,0.79864,0.79671,0.79477,0.79283,0.79089,0.78896,0.78702,0.78508,0.78314,0.7812,0.77926,0.77733,0.77539,0.77346,0.77152,0.76959,0.76765,0.76572,0.76379,0.76186,0.75993,0.75801,0.75608,0.75416,0.75223,0.75031,0.74839,0.74647,0.74455,0.74263,0.74071,0.7388,0.73688,0.73497,0.73305,0.73114,0.72923,0.72731,0.7254,0.72349,0.72158,0.71967,0.71775,0.71584
0.82942,0.82752,0.8256,0.82369,0.82178,0.81986,0.81794,0.81602,0.81409,0.81217,0.81024,0.80831,0.80638,0.80445,0.80251,0.80058,0.79864,0.79671,0.79477,0.79283,0.79089,0.78896,0.78702,0.78508,0.78314,0.7812,0.77926,0.77733,0.77539,0.77346,0.77152,0.76959,0.76765,0.76572,0.76379,0.76186,0.75993,0.75801,0.75608,0.75416,0.75223,0.75031,0.74839,0.74647,0.74455,0.74263,0.74071,0.7388,0.73688,0.73497,0.73305,0.73114,0.72923,0.72731,0.7254,0.72349,0.72158,0.71967,0.71775,0.71584,0.71393
0.82752,0.8256,0.82369,0.82178,0.81986,0.81794,0.81602,0.81409,0.81217,0.81024,0.80831,0.80638,0.80445,0.80251,0.80058,0.79864,0.79671,0.79477,0.79283,0.79089,0.78896,0.78702,0.78508,0.78314,0.7812,0.77926,0.77733,0.77539,0.77346,0.77152,0.76959,0.76765,0.76572,0.76379,0.76186,0.75993,0.75801,0.75608,0.75416,0.75223,0.75031,0.74839,0.74647,0.74455,0.74263,0.74071,0.7388,0.73688,0.73497,0.73305,0.73114,0.72923,0.72731,0.7254,0.72349,0.72158,0.71967,0.71775,0.71584,0.71393,0.71203
0.8256,0.82369,0.82178,0.81986,0.81794,0.81602,0.81409,0.81217,0.81024,0.80831,0.80638,0.80445,0.80251,0.80058,0.79864,0.79671,0.79477,0.79283,0.79089,0.78896,0.78702,0.78508,0.78314,0.7812,0.77926,0.77733,0.77539,0.77346,0.77152,0.76959,0.76765,0.76572,0.76379,0.76186,0.75993,0.75801,0.75608,0.75416,0.75223,0.75031,0.74839,0.74647,0.74455,0.74263,0.74071,0.7388,0.73688,0.73497,0.73305,0.73114,0.72923,0.72731,0.7254,0.72349,0.72158,0.71967,0.71775,0.71584,0.71393,0.71203,0.71012
0.82369,0.82178,0.81986,0.81794,0.81602,0.81409,0.81217,0.81024,0.80831,0.80638,0.80445,0.80251,0.80058,0.79864,0.79671,0.79477,0.79283,0.79089,0.78896,0.78702,0.78508,0.78314,0.7812,0.77926,0.77733,0.77539,0.77346,0.77152,0.76959,0.76765,0.76572,0.76379,0.76186,0.75993,0.75801,0.75608,0.75416,0.75223,0.75031,0.74839,0.74647,0.74455,0.74263,0.74071,0.7388,0.73688,0.73497,0.73305,0.73114,0.72923,0.72731,0.7254,0.72349,0.72158,0.71967,0.71775,0.71584,0.71393,0.71203,0.71012,0.70821
0.82178,0.81986,0.81794,0.81602,0.81409,0.81217,0.81024,0.80831,0.80638,0.80445,0.80251,0.80058,0.79864,0.79671,0.79477,0.79283,0.79089,0.78896,0.78702,0.78508,0.78314,0.7812,0.77926,0.77733,0.77539,0.77346,0.77152,0.76959,0.76765,0.76572,0.76379,0.76186,0.75993,0.75801,0.75608,0.75416,0.75223,0.75031,0.74839,0.74647,0.74455,0.74263,0.74071,0.7388,0.73688,0.73497,0.73305,0.73114,0.72923,0.72731,0.7254,0.72349,0.72158,0.71967,0.71775,0.71584,0.71393,0.71203,0.71012,0.70821,0.7063
0.81986,0.81794,0.81602,0.81409,0.81217,0.81024,0.80831,0.80638,0.80445,0.80251,0.80058,0.79864,0.79671,0.79477,0.79283,0.79089,0.78896,0.78702,0.78508,0.78314,0.7812,0.77926,0.77733,0.77539,0.77346,0.77152,0.76959,0.76765,0.76572,0.76379,0.76186,0.75993,0.75801,0.75608,0.75416,0.75223,0.75031,0.74839,0.74647,0.74455,0.74263,0.74071,0.7388,0.73688,0.73497,0.73305,0.73114,0.72923,0.72731,0.7254,0.72349,0.72158,0.71967,0.71775,0.71584,0.71393,0.71203,0.71012,0.70821,0.7063,0.70439
0.81794,0.81602,0.81409,0.81217,0.81024,0.80831,0.80638,0.80445,0.80251,0.80058,0.79864,0.79671,0.79477,0.79283,0.79089,0.78896,0.78702,0.78508,0.78314,0.7812,0.77926,0.77733,0.77539,0.77346,0.77152,0.76959,0.76765,0.76572,0.76379,0.76186,0.75993,0.75801,0.75608,0.75416,0.75223,0.75031,0.74839,0.74647,0.74455,0.74263,0.74071,0.7388,0.73688,0.73497,0.73305,0.73114,0.72923,0.72731,0.7254,0.72349,0.72158,0.71967,0.71775,0.71584,0.71393,0.71203,0.71012,0.70821,0.7063,0.70439,0.70249
0.81602,0.81409,0.81217,0.81024,0.80831,0.80638,0.80445,0.80251,0.80058,0.79864,0.79671,0.79477,0.79283,0.79089,0.78896,0.78702,0.78508,0.78314,0.7812,0.77926,0.77733,0.77539,0.77346,0.77152,0.76959,0.76765,0.76572,0.76379,0.76186,0.75993,0.75801,0.75608,0.75416,0.75223,0.75031,0.74839,0.74647,0.74455,0.74263,0.74071,0.7388,0.73688,0.73497,0.73305,0.73114,0.72923,0.72731,0.7254,0.72349,0.72158,0.71967,0.71775,0.71584,0.71393,0.71203,0.71012,0.70821,0.7063,0.70439,0.70249,0.70058
0.81409,0.81217,0.81024,0.80831,0.80638,0.80445,0.80251,0.80058,0.79864,0.79671,0.79477,0.79283,0.79089,0.78896,0.78702,0.78508,0.78314,0.7812,0.77926,0.77733,0.77539,0.77346,0.77152,0.76959,0.76765,0.76572,0.76379,0.76186,0.75993,0.75801,0.75608,0.75416,0.75223,0.75031,0.74839,0.74647,0.74455,0.74263,0.74071,0.7388,0.73688,0.73497,0.73305,0.73114,0.72923,0.72731,0.7254,0.72349,0.72158,0.71967,0.71775,0.71584,0.71393,0.71203,0.71012,0.70821,0.7063,0.70439,0.70249,0.70058,0.69868
0.81217,0.81024,0.80831,0.80638,0.80445,0.80251,0.80058,0.79864,0.79671,0.79477,0.79283,0.79089,0.78896,0.78702,0.78508,0.78314,0.7812,0.77926,0.77733,0.77539,0.77346,0.77152,0.76959,0.76765,0.76572,0.76379,0.76186,0.75993,0.75801,0.75608,0.75416,0.75223,0.75031,0.74839,0.74647,0.74455,0.74263,0.74071,0.7388,0.73688,0.73497,0.73305,0.73114,0.72923,0.72731,0.7254,0.72349,0.72158,0.71967,0.71775,0.71584,0.71393,0.71203,0.71012,0.70821,0.7063,0.70439,0.70249,0.70058,0.69868,0.69677
0.81024,0.80831,0.80638,0.80445,0.80251,0.80058,0.79864,0.79671,0.79477,0.79283,0.79089,0.78896,0.78702,0.78508,0.78314,0.7812,0.77926,0.77733,0.77539,0.77346,0.77152,0.76959,0.76765,0.76572,0.76379,0.76186,0.75993,0.75801,0.75608,0.75416,0.75223,0.75031,0.74839,0.74647,0.74455,0.74263,0.74071,0.7388,0.73688,0.73497,0.73305,0.73114,0.72923,0.72731,0.7254,0.72349,0.72158,0.71967,0.71775,0.71584,0.71393,0.71203,0.71012,0.70821,0.7063,0.70439,0.70249,0.70058,0.69868,0.69677,0.69487
0.80831,0.80638,0.80445,0.80251,0.80058,0.79864,0.79671,0.79477,0.79283,0.79089,0.78896,0.78702,0.78508,0.78314,0.7812,0.77926,0.77733,0.77539,0.77346,0.77152,0.76959,0.76765,0.76572,0.76379,0.76186,0.75993,0.75801,0.75608,0.75416,0.75223,0.75031,0.74839,0.74647,0.74455,0.74263,0.74071,0.7388,0.73688,0.73497,0.73305,0.73114,0.72923,0.72731,0.7254,0.72349,0.72158,0.71967,0.71775,0.71584,0.71393,0.71203,0.71012,0.70821,0.7063,0.70439,0.70249,0.70058,0.69868,0.69677,0.69487,0.69297
0.80638,0.80445,0.80251,0.80058,0.79864,0.79671,0.79477,0.79283,0.79089,0.78896,0.78702,0.78508,0.78314,0.7812,0.77926,0.77733,0.77539,0.77346,0.77152,0.76959,0.76765,0.76572,0.76379,0.76186,0.75993,0.75801,0.75608,0.75416,0.75223,0.75031,0.74839,0.74647,0.74455,0.74263,0.74071,0.7388,0.73688,0.73497,0.73305,0.73114,0.72923,0.72731,0.7254,0.72349,0.72158,0.71967,0.71775,0.71584,0.71393,0.71203,0.71012,0.70821,0.7063,0.70439,0.70249,0.70058,0.69868,0.69677,0.69487,0.69297,0.69107
0.80445,0.80251,0.80058,0.79864,0.79671,0.79477,0.79283,0.79089,0.78896,0.78702,0.78508,0.78314,0.7812,0.77926,0.77733,0.77539,0.77346,0.77152,0.76959,0.76765,0.76572,0.76379,0.76186,0.75993,0.75801,0.75608,0.75416,0.75223,0.75031,0.74839,0.74647,0.74455,0.74263,0.74071,0.7388,0.73688,0.73497,0.73305,0.73114,0.72923,0.72731,0.7254,0.72349,0.72158,0.71967,0.71775,0.71584,0.71393,0.71203,0.71012,0.70821,0.7063,0.70439,0.70249,0.70058,0.69868,0.69677,0.69487,0.69297,0.69107,0.68917
0.80251,0.80058,0.79864,0.79671,0.79477,0.79283,0.79089,0.78896,0.78702,0.78508,0.78314,0.7812,0.77926,0.77733,0.77539,0.77346,0.77152,0.76959,0.76765,0.76572,0.76379,0.76186,0.75993,0.75801,0.75608,0.75416,0.75223,0.75031,0.74839,0.74647,0.74455,0.74263,0.74071,0.7388,0.73688,0.73497,0.73305,0.73114,0.72923,0.72731,0.7254,0.72349,0.72158,0.71967,0.71775,0.71584,0.71393,0.71203,0.71012,0.70821,0.7063,0.70439,0.70249,0.70058,0.69868,0.69677,0.69487,0.69297,0.69107,0.68917,0.68727
0.80058,0.79864,0.79671,0.79477,0.79283,0.79089,0.78896,0.78702,0.78508,0.78314,0.7812,0.77926,0.77733,0.77539,0.77346,0.77152,0.76959,0.76765,0.76572,0.76379,0.76186,0.75993,0.75801,0.75608,0.75416,0.75223,0.75031,0.74839,0.74647,0.74455,0.74263,0.74071,0.7388,0.73688,0.73497,0.73305,0.73114,0.72923,0.72731,0.7254,0.72349,0.72158,0.71967,0.71775,0.71584,0.71393,0.71203,0.71012,0.70821,0.7063,0.70439,0.70249,0.70058,0.69868,0.69677,0.69487,0.69297,0.69107,0.68917,0.68727,0.68538
0.79864,0.79671,0.79477,0.79283,0.79089,0.78896,0.78702,0.78508,0.78314,0.7812,0.77926,0.77733,0.77539,0.77346,0.77152,0.76959,0.76765,0.76572,0.76379,0.76186,0.75993,0.75801,0.75608,0.75416,0.75223,0.75031,0.74839,0.74647,0.74455,0.74263,0.74071,0.7388,0.73688,0.73497,0.73305,0.73114,0.72923,0.72731,0.7254,0.72349,0.72158,0.71967,0.71775,0.71584,0.71393,0.71203,0.71012,0.70821,0.7063,0.70439,0.70249,0.70058,0.69868,0.69677,0.69487,0.69297,0.69107,0.68917,0.68727,0.68538,0.68348
0.79671,0.79477,0.79283,0.79089,0.78896,0.78702,0.78508,0.78314,0.7812,0.77926,0.77733,0.77539,0.77346,0.77152,0.76959,0.76765,0.76572,0.76379,0.76186,0.75993,0.75801,0.75608,0.75416,0.75223,0.75031,0.74839,0.74647,0.74455,0.74263,0.74071,0.7388,0.73688,0.73497,0.73305,0.73114,0.72923,0.72731,0.7254,0.72349,0.72158,0.71967,0.71775,0.71584,0.71393,0.71203,0.71012,0.70821,0.7063,0.70439,0.70249,0.70058,0.69868,0.69677,0.69487,0.69297,0.69107,0.68917,0.68727,0.68538,0.68348,0.68159
0.79477,0.79283,0.79089,0.78896,0.78702,0.78508,0.78314,0.7812,0.77926,0.77733,0.77539,0.77346,0.77152,0.76959,0.76765,0.76572,0.76379,0.76186,0.75993,0.75801,0.75608,0.75416,0.75223,0.75031,0.74839,0.74647,0.74455,0.74263,0.74071,0.7388,0.73688,0.73497,0.73305,0.73114,0.72923,0.72731,0.7254,0.72349,0.72158,0.71967,0.71775,0.71584,0.71393,0.71203,0.71012,0.70821,0.7063,0.70439,0.70249,0.70058,0.69868,0.69677,0.69487,0.69297,0.69107,0.68917,0.68727,0.68538,0.68348,0.68159,0.6797
